first_name,last_name,email,gender,contactNo,country,dob
Zonda,Cross,zcross0@blog.com,Female,183-197-3886,Cyprus,18-01-1996
Kale,Spillman,kspillman1@wikispaces.com,Male,898-255-8075,Russia,25-04-2001
Pip,Clausius,pclausius2@360.cn,Male,983-419-8724,Philippines,26-01-1999
Henderson,Pavie,hpavie3@behance.net,Male,792-571-0177,Russia,24-03-1979
Ellwood,Cousens,ecousens4@sciencedaily.com,Male,661-839-2686,Thailand,17-11-1983
Nathan,Beetlestone,nbeetlestone5@de.vu,Male,860-376-3770,United States,17-03-1979
Alyson,Sedgemond,asedgemond6@yahoo.com,Female,166-197-6350,China,06-02-1976
Crosby,Diggles,cdiggles7@umn.edu,Male,713-240-5483,United States,19-04-1980
Debor,Nesfield,dnesfield8@naver.com,Female,995-317-9469,China,26-08-1963
Abel,Fernez,afernez9@bizjournals.com,Male,770-804-8562,Thailand,08-01-1980
Pippy,Gullivent,pgulliventa@biblegateway.com,Female,628-555-1297,Poland,22-12-2001
Sullivan,Treeby,streebyb@wikia.com,Male,151-719-9573,Malaysia,26-11-1999
Tuckie,De La Coste,tdelacostec@opera.com,Male,538-285-1208,Albania,11-06-1966
Ursala,Jerrold,ujerroldd@ovh.net,Female,199-986-4835,Poland,14-05-1966
Gayle,Waight,gwaighte@ted.com,Male,110-834-2686,China,16-04-1960
Ilene,Christescu,ichristescuf@skyrock.com,Female,669-114-4588,Japan,28-11-1993
Rhiamon,Cuddon,rcuddong@usnews.com,Genderqueer,383-322-0714,Indonesia,24-09-1986
Dareen,Chisholme,dchisholmeh@yelp.com,Female,944-904-6276,Burkina Faso,28-06-1964
Lissi,Calbrathe,lcalbrathei@goodreads.com,Female,361-374-3530,China,09-01-1962
Dewey,Radleigh,dradleighj@ebay.com,Male,394-497-9184,Japan,04-04-1989
Francyne,McTear,fmcteark@netvibes.com,Female,775-113-5293,United States,15-05-2002
Jillian,Boule,jboulel@dailymail.co.uk,Female,401-201-3919,Indonesia,24-10-1990
Nerte,Hought,nhoughtm@whitehouse.gov,Female,660-266-2631,Netherlands,26-12-2001
Hoyt,Lefeuvre,hlefeuvren@ft.com,Genderqueer,616-535-4064,United States,04-06-1983
Blake,Lucius,bluciuso@weibo.com,Male,616-715-3099,Ivory Coast,26-04-1967
Kristoffer,Klimontovich,kklimontovichp@tmall.com,Male,993-957-7773,Philippines,02-04-1979
Babita,Antoniat,bantoniatq@examiner.com,Female,419-456-5251,United States,14-04-1983
Sergio,Phillips,sphillipsr@themeforest.net,Agender,667-256-6768,China,20-11-1988
Shea,Barthod,sbarthods@wiley.com,Male,936-569-0547,China,13-09-1982
Bordie,Foxen,bfoxent@goo.ne.jp,Genderqueer,616-103-4715,United States,21-05-1966
Lucine,Life,llifeu@unesco.org,Female,693-962-2573,Indonesia,12-09-1993
Mac,Reams,mreamsv@opera.com,Male,432-577-8066,Saint Vincent and the Grenadines,08-03-1950
Crissie,Kerwick,ckerwickw@joomla.org,Female,287-394-1993,Croatia,29-12-1986
Thaddus,Fewkes,tfewkesx@ucsd.edu,Male,802-869-3863,Portugal,13-08-1999
Hynda,Erdely,herdelyy@youku.com,Female,527-453-8548,Philippines,01-08-1994
Micky,Verne,mvernez@nature.com,Genderqueer,841-243-5017,Tanzania,23-08-1971
Abba,Dutch,adutch10@dropbox.com,Male,776-353-9993,Brazil,06-04-1962
Hugo,Embery,hembery11@bigcartel.com,Genderqueer,522-172-7869,Indonesia,05-05-1973
Francisco,Crapper,fcrapper12@nasa.gov,Male,634-632-6397,China,24-03-1992
Reynard,Ilott,rilott13@princeton.edu,Male,575-216-9962,Indonesia,18-03-1991
Audie,Vassman,avassman14@hc360.com,Female,460-775-9855,Bangladesh,06-03-1975
Filide,Shurmer,fshurmer15@comsenz.com,Female,785-886-7584,Nepal,05-11-1995
Elizabeth,Spriggen,espriggen16@wufoo.com,Female,146-645-2786,China,12-12-1959
Tabbi,Singyard,tsingyard17@shutterfly.com,Female,637-332-6105,Indonesia,24-06-1994
Constantin,Oliveti,coliveti18@bluehost.com,Male,136-541-2962,Netherlands,14-02-1973
Esra,While,ewhile19@dmoz.org,Male,640-913-3766,Czech Republic,06-02-1995
Stormie,Tesyro,stesyro1a@youku.com,Female,835-454-3450,Mongolia,17-03-2000
Domenic,Ardron,dardron1b@dagondesign.com,Male,656-625-1923,China,19-03-1972
Wash,Vallentin,wvallentin1c@netvibes.com,Male,309-455-9052,Ecuador,13-06-1957
Polly,Mowbray,pmowbray1d@statcounter.com,Female,560-693-4048,Russia,12-11-1982
Glynn,Gout,ggout1e@soundcloud.com,Male,757-762-3310,Indonesia,08-02-1981
Samuele,Gerrish,sgerrish1f@cnbc.com,Male,298-166-0092,Peru,11-12-2001
Sher,Durtnal,sdurtnal1g@wsj.com,Female,978-780-0082,China,22-03-1958
Donetta,Coneron,dconeron1h@berkeley.edu,Female,646-894-1068,China,25-02-1964
Lowe,Watford,lwatford1i@apache.org,Male,516-883-5806,Indonesia,05-07-1979
Abner,Lavers,alavers1j@nifty.com,Male,908-263-8377,Venezuela,28-11-1979
Arliene,Bramont,abramont1k@biglobe.ne.jp,Female,864-437-7214,Indonesia,02-09-1971
Dania,Reasce,dreasce1l@php.net,Female,984-197-0978,China,18-12-1967
Gerrie,Gulc,ggulc1m@seattletimes.com,Female,628-506-5347,Georgia,23-05-1963
Nata,Landeaux,nlandeaux1n@walmart.com,Genderqueer,573-763-9819,Ukraine,01-05-2002
Fanni,Olivas,folivas1o@linkedin.com,Female,191-492-8967,Kosovo,25-03-1995
Reinaldos,Fellgate,rfellgate1p@live.com,Male,269-700-7425,France,04-10-1981
Lanita,McClinton,lmcclinton1q@zdnet.com,Female,574-334-5924,China,13-10-1966
Letty,Fealty,lfealty1r@tinyurl.com,Female,558-603-4490,China,13-05-1977
Ginny,McAllen,gmcallen1s@home.pl,Female,636-350-1130,Indonesia,16-02-1975
Berk,Wildbore,bwildbore1t@jalbum.net,Genderqueer,614-622-9722,China,20-04-1972
Aile,Hobbert,ahobbert1u@wiley.com,Female,831-834-2905,Poland,13-10-1959
Stanislas,Jardin,sjardin1v@usa.gov,Male,852-494-5085,Guatemala,28-02-1955
Abran,Jordanson,ajordanson1w@amazon.de,Male,440-967-7864,Indonesia,05-12-1950
Rosemary,Matteucci,rmatteucci1x@merriam-webster.com,Female,355-779-8358,Azerbaijan,04-01-1988
Jenni,Tuvey,jtuvey1y@constantcontact.com,Female,704-536-9447,China,18-05-1960
Karmen,Kezor,kkezor1z@cnet.com,Bigender,809-186-2687,Russia,04-04-1953
Carrol,Lars,clars20@quantcast.com,Male,310-883-4018,Indonesia,24-08-1956
Orran,Gaudin,ogaudin21@smh.com.au,Male,791-592-1675,Ireland,10-07-1988
Gilles,Luckey,gluckey22@umn.edu,Male,724-603-4744,China,30-05-1957
Tobey,Cortin,tcortin23@psu.edu,Female,453-396-2897,China,01-07-2002
Brigit,Novis,bnovis24@rambler.ru,Female,914-476-9945,Thailand,13-02-1986
Gifford,Morris,gmorris25@mediafire.com,Male,902-681-4415,France,23-07-1953
Anallise,Lamport,alamport26@jalbum.net,Genderqueer,309-988-1275,Indonesia,06-07-1983
Merle,Swiffan,mswiffan27@sphinn.com,Female,371-142-9737,Thailand,22-07-1967
Mindy,Rebert,mrebert28@bbc.co.uk,Genderqueer,986-300-5275,France,22-03-1988
Vale,Folds,vfolds29@eventbrite.com,Female,235-434-7095,China,29-12-2002
Quincy,Flanigan,qflanigan2a@apple.com,Male,570-425-5495,Czech Republic,02-12-1999
Jessy,Stancer,jstancer2b@google.com.au,Female,580-429-8007,Ukraine,09-07-2000
Orazio,Lowes,olowes2c@china.com.cn,Male,719-665-4401,Argentina,15-09-1960
Dulcy,Sondland,dsondland2d@joomla.org,Polygender,841-424-6510,Saudi Arabia,11-05-1963
Benson,Tottie,btottie2e@cocolog-nifty.com,Male,695-233-6284,Philippines,21-02-1994
Beverley,Bullion,bbullion2f@spiegel.de,Female,927-164-0047,Peru,20-10-1953
Edmon,Ingham,eingham2g@cnet.com,Male,661-146-2035,Uganda,07-04-1971
Martica,Roseveare,mroseveare2h@bloglines.com,Female,767-993-3642,Peru,27-01-2002
Nola,Ackred,nackred2i@vkontakte.ru,Female,791-943-8050,Dominican Republic,07-10-1988
Chrissie,Spurier,cspurier2j@buzzfeed.com,Male,644-110-3271,China,04-04-1998
Iggie,Callingham,icallingham2k@digg.com,Genderfluid,243-302-3943,Russia,21-09-2000
Padraic,Cecchetelli,pcecchetelli2l@tiny.cc,Male,196-264-7201,Poland,24-06-1990
Eddie,Mollin,emollin2m@buzzfeed.com,Male,268-729-9190,Indonesia,01-02-1968
Rhody,Kasperski,rkasperski2n@independent.co.uk,Female,903-593-3911,Syria,13-01-1981
Burtie,Ainger,bainger2o@imdb.com,Male,441-504-2278,Ivory Coast,08-01-1973
Stevy,Monument,smonument2p@freewebs.com,Male,802-784-2178,Brazil,03-01-1961
Danica,Benz,dbenz2q@tuttocitta.it,Female,508-132-6053,China,12-07-1996
Shayne,Bissiker,sbissiker2r@jalbum.net,Male,339-743-9024,China,07-03-1978
Filia,Tolomio,ftolomio2s@apache.org,Female,337-384-0013,Lithuania,19-07-1993
Freedman,Roistone,froistone2t@flavors.me,Male,190-303-9780,Indonesia,20-07-1978
Carlie,Cogle,ccogle2u@abc.net.au,Female,260-811-4769,Sri Lanka,08-06-1963
Ulberto,Dowyer,udowyer2v@about.com,Male,184-186-5562,China,12-03-1986
Cull,Critchlow,ccritchlow2w@imgur.com,Male,126-414-6953,Mauritius,13-05-1960
Pepita,Le Fleming,plefleming2x@nba.com,Female,520-692-1690,Indonesia,07-09-1996
Clem,Wykes,cwykes2y@nymag.com,Female,434-562-1409,China,16-08-1979
Kissee,Phebey,kphebey2z@blogger.com,Female,953-889-9105,Thailand,27-07-1963
Giles,Roser,groser30@nationalgeographic.com,Male,103-632-2231,Canada,19-04-1981
Christoforo,Jacklin,cjacklin31@ifeng.com,Male,874-546-7745,France,09-09-1955
Gene,Lineham,glineham32@blog.com,Male,894-809-9019,China,12-06-1954
Caye,Hurren,churren33@toplist.cz,Female,680-120-9201,France,30-04-1999
Averell,Linnane,alinnane34@indiegogo.com,Male,406-300-3623,Malawi,10-07-1999
Dyan,Madison,dmadison35@latimes.com,Female,931-431-3243,Russia,09-06-1985
Christoper,Hinchon,chinchon36@joomla.org,Male,491-666-1642,Syria,01-02-1992
Dorolice,Leaf,dleaf37@nhs.uk,Female,820-222-5354,China,03-10-1957
Freeman,Theaker,ftheaker38@xrea.com,Male,647-811-5715,China,22-02-1998
Sauveur,Dumbellow,sdumbellow39@ft.com,Male,519-324-3020,China,21-07-1976
Leif,Ingraham,lingraham3a@facebook.com,Male,409-833-5551,Brazil,12-11-1976
Charline,Meller,cmeller3b@tripadvisor.com,Female,776-114-0739,Philippines,24-07-1965
Donall,Lansley,dlansley3c@wikipedia.org,Agender,669-825-2325,Mexico,17-09-1987
Brita,Aitken,baitken3d@squidoo.com,Female,759-778-0163,China,18-08-1971
Rockie,Gladwin,rgladwin3e@friendfeed.com,Male,122-926-4631,China,13-05-1999
Nicolina,Empringham,nempringham3f@huffingtonpost.com,Female,336-333-7877,Indonesia,01-03-1950
Kevon,Crasford,kcrasford3g@fema.gov,Male,395-962-8935,Philippines,11-11-1967
Evanne,Fedorchenko,efedorchenko3h@163.com,Female,473-345-7494,Philippines,20-01-1977
Gwenore,Spaunton,gspaunton3i@amazon.co.jp,Female,785-293-0087,Brazil,12-01-1981
Clint,Asplen,casplen3j@51.la,Male,836-492-6858,Philippines,19-06-2002
Danika,Mourant,dmourant3k@ebay.com,Female,682-841-9390,China,17-09-1981
Tina,Giovanitti,tgiovanitti3l@engadget.com,Female,795-347-7242,Philippines,29-10-1985
Rosamund,Awde,rawde3m@mtv.com,Female,282-354-9335,Indonesia,21-06-1998
Saleem,McBrearty,smcbrearty3n@wix.com,Male,518-195-1876,Pakistan,31-12-2001
Latisha,Stanmore,lstanmore3o@mozilla.com,Female,174-461-0072,North Korea,08-09-1954
Avigdor,Sanson,asanson3p@quantcast.com,Male,343-588-5305,Colombia,30-09-1951
Ronny,Chesshire,rchesshire3q@pen.io,Female,634-886-2695,Poland,26-12-1959
Velvet,Gayne,vgayne3r@google.nl,Female,730-322-2900,Indonesia,18-08-1999
Gwenette,Eam,geam3s@paypal.com,Female,540-141-7616,Philippines,18-12-1954
Jaimie,Abbis,jabbis3t@reuters.com,Female,291-774-5924,Guatemala,06-07-1950
Manuel,Attlee,mattlee3u@huffingtonpost.com,Male,693-556-7610,Indonesia,13-04-1950
Verna,Murrison,vmurrison3v@aol.com,Bigender,614-879-7380,United States,20-02-1988
Templeton,Tetla,ttetla3w@nasa.gov,Male,524-159-2810,Ukraine,19-12-1958
Guillaume,Flippen,gflippen3x@elegantthemes.com,Male,193-846-0375,Ethiopia,27-12-1963
Rutledge,Iohananof,riohananof3y@joomla.org,Male,109-585-3275,France,26-08-1994
Pascale,Caldera,pcaldera3z@spiegel.de,Male,790-258-2257,Philippines,03-04-1956
Benedetto,Mortimer,bmortimer40@bigcartel.com,Male,748-709-6440,Portugal,19-07-1997
Devi,Szach,dszach41@columbia.edu,Female,926-697-7471,France,17-10-1951
Aveline,Dresser,adresser42@addtoany.com,Female,821-928-1331,Brazil,05-01-1956
Alex,Dumelow,adumelow43@comcast.net,Male,669-882-2769,Thailand,10-03-1999
Ciro,Heskey,cheskey44@prweb.com,Male,787-905-1165,Sweden,07-03-1966
Alva,Meininger,ameininger45@paypal.com,Male,298-752-3906,China,23-05-1994
Ronald,Bastide,rbastide46@independent.co.uk,Male,995-623-0814,Colombia,01-03-1969
Wynny,Cicetti,wcicetti47@clickbank.net,Female,382-305-4822,Philippines,16-06-1955
Klemens,Gass,kgass48@bluehost.com,Polygender,754-397-7519,Cameroon,14-01-1961
Christoffer,Clementucci,cclementucci49@webmd.com,Male,341-639-9187,Indonesia,29-03-1972
Sallyanne,Danell,sdanell4a@over-blog.com,Female,998-278-6820,Indonesia,08-03-1977
Roldan,Neal,rneal4b@guardian.co.uk,Male,854-185-7663,Czech Republic,14-08-1986
Kippy,Habershaw,khabershaw4c@discovery.com,Male,357-352-8717,China,06-10-1993
Jacky,Drawmer,jdrawmer4d@acquirethisname.com,Male,479-727-3878,Indonesia,07-08-1981
Ilyse,Bignall,ibignall4e@dion.ne.jp,Female,319-412-6445,Russia,08-06-1974
Sella,McGurn,smcgurn4f@thetimes.co.uk,Agender,207-120-9817,Jamaica,11-03-1966
Babbette,Aldwich,baldwich4g@joomla.org,Female,605-538-9129,United States,03-08-1975
Steffie,Maywood,smaywood4h@prweb.com,Non-binary,904-999-0872,Philippines,22-06-1956
Addi,Coventon,acoventon4i@unblog.fr,Female,230-258-8300,China,20-08-1974
Errol,Tomich,etomich4j@ebay.com,Male,984-233-5752,Brazil,02-10-1960
Lanna,Elves,lelves4k@fc2.com,Female,279-718-9752,Philippines,05-02-1960
Rhianna,Brennen,rbrennen4l@squidoo.com,Female,559-405-4373,Peru,11-09-1953
Stafani,Kulis,skulis4m@hp.com,Female,980-765-2040,Mexico,20-08-1955
Richmond,Kelwaybamber,rkelwaybamber4n@samsung.com,Male,196-414-1293,China,14-08-1965
Kimbell,Vanichkov,kvanichkov4o@canalblog.com,Male,481-278-8590,France,20-09-1955
Gonzales,Oddboy,goddboy4p@dot.gov,Polygender,833-817-1565,Poland,19-04-1998
Darwin,Schrei,dschrei4q@ucoz.com,Male,493-977-4151,Sweden,24-07-1952
Simon,Pighills,spighills4r@berkeley.edu,Male,780-307-4595,Australia,04-08-1979
Bev,Tomaszek,btomaszek4s@imdb.com,Female,386-733-9876,Japan,14-04-1963
Marthe,Tailby,mtailby4t@skype.com,Female,526-603-4534,Indonesia,19-03-1962
Cherlyn,Trumper,ctrumper4u@vinaora.com,Female,955-125-3438,Russia,15-09-1995
Mayor,Manders,mmanders4v@elegantthemes.com,Male,419-257-4330,Indonesia,23-04-1975
Hestia,Cooper,hcooper4w@usnews.com,Female,753-534-7833,Vietnam,06-12-1953
Enrica,Jellyman,ejellyman4x@about.com,Agender,758-797-1148,France,07-01-1997
Austen,Jollye,ajollye4y@mayoclinic.com,Male,475-988-1343,Philippines,30-08-1978
Dulcy,Zumbusch,dzumbusch4z@ca.gov,Female,120-105-4759,Indonesia,04-10-2001
Carolin,Dwyr,cdwyr50@dailymail.co.uk,Female,675-393-1989,Tunisia,17-01-1987
Helena,Guyton,hguyton51@reuters.com,Female,163-207-6013,China,11-08-1976
Chane,Ownsworth,cownsworth52@fastcompany.com,Male,501-963-7819,South Africa,18-11-1978
Vincenz,Pattington,vpattington53@ehow.com,Male,650-674-1767,Democratic Republic of the Congo,25-06-1973
Margalo,Gaynes,mgaynes54@flavors.me,Female,504-162-7703,United States,13-04-1973
Debra,Makeswell,dmakeswell55@de.vu,Female,841-833-4697,China,31-12-1964
Anstice,Dowding,adowding56@cyberchimps.com,Female,328-437-6888,China,20-07-1977
Steve,Lawles,slawles57@angelfire.com,Male,428-989-9202,Indonesia,15-02-1984
Hussein,Endrici,hendrici58@mysql.com,Male,131-452-5004,China,09-07-1953
Melessa,Saket,msaket59@stumbleupon.com,Agender,959-676-0441,Poland,02-04-1965
Oralia,Woodrough,owoodrough5a@clickbank.net,Female,490-747-6676,Russia,27-09-1955
Carlin,Gumey,cgumey5b@nature.com,Male,997-740-8591,France,31-10-1950
Gwynne,New,gnew5c@sogou.com,Female,943-336-9573,China,24-12-1989
Abby,Rate,arate5d@spotify.com,Male,590-160-2811,France,25-04-1987
Jolene,Austwick,jaustwick5e@about.com,Female,988-768-0836,Czech Republic,21-06-1970
Sydney,Sullens,ssullens5f@so-net.ne.jp,Female,836-722-9376,France,06-06-1952
Batholomew,Maplesden,bmaplesden5g@flickr.com,Male,974-724-6626,Indonesia,24-10-1973
Joelly,Camois,jcamois5h@arizona.edu,Female,758-560-2309,Cameroon,22-07-1982
Elle,Kerne,ekerne5i@themeforest.net,Genderqueer,174-765-4170,Israel,14-08-1990
Deane,Dible,ddible5j@t.co,Female,672-473-9799,Sweden,02-05-1998
Jeannie,Brasner,jbrasner5k@freewebs.com,Female,213-289-1577,Indonesia,02-08-1950
Sella,Revelle,srevelle5l@edublogs.org,Female,546-857-4421,China,18-10-1970
Marin,Grent,mgrent5m@wikipedia.org,Female,805-641-6353,Indonesia,25-09-1978
Steve,Dorber,sdorber5n@seesaa.net,Male,467-248-0710,Russia,12-07-1953
Catherina,Cracker,ccracker5o@google.com.hk,Female,483-351-8906,Indonesia,26-11-1956
Kent,Eyres,keyres5p@surveymonkey.com,Male,266-596-8710,China,19-12-1993
Torr,Lalor,tlalor5q@sogou.com,Male,650-609-2196,China,22-03-1965
Lance,Warwick,lwarwick5r@e-recht24.de,Male,214-131-1736,Brazil,23-01-1964
Harwell,Proughten,hproughten5s@discuz.net,Male,107-931-0805,Chile,03-08-1965
Pauly,Willman,pwillman5t@japanpost.jp,Female,605-979-9245,Japan,14-09-1955
Rogerio,Jessel,rjessel5u@indiatimes.com,Male,804-219-3655,Argentina,04-12-1950
Malorie,Planque,mplanque5v@mayoclinic.com,Female,800-293-4036,Portugal,17-08-1995
Audie,Bennitt,abennitt5w@utexas.edu,Female,862-997-1687,China,10-05-1987
Sinclair,Enterle,senterle5x@ycombinator.com,Non-binary,569-118-2891,Poland,26-04-1977
Shandee,Blown,sblown5y@yellowbook.com,Female,275-671-2663,Indonesia,23-09-1996
My,Serotsky,mserotsky5z@indiegogo.com,Male,954-556-0433,Finland,11-06-1963
Thorvald,Lubeck,tlubeck60@cnbc.com,Male,155-206-0633,China,02-11-1951
Thomasine,Athy,tathy61@nsw.gov.au,Female,540-457-1460,China,14-01-1963
Parnell,Condict,pcondict62@gravatar.com,Male,633-988-6248,Brazil,21-05-1955
Lusa,Stampe,lstampe63@mlb.com,Female,964-690-7513,Colombia,30-03-1977
Jacqui,Mapplebeck,jmapplebeck64@miibeian.gov.cn,Female,371-182-3212,Indonesia,27-08-2000
Natividad,MacManus,nmacmanus65@nytimes.com,Female,263-359-6851,Tanzania,10-04-1998
Timi,Attenburrow,tattenburrow66@so-net.ne.jp,Female,803-139-5362,Portugal,12-10-1951
Salaidh,Cassell,scassell67@opensource.org,Female,631-928-2274,Argentina,16-09-1957
Eleanora,Parrot,eparrot68@miibeian.gov.cn,Female,212-215-6268,Sweden,03-09-1989
Meghan,Van Zon,mvanzon69@gnu.org,Female,333-108-2055,Mexico,11-09-1980
Calv,Scrinage,cscrinage6a@sourceforge.net,Male,427-447-1553,Argentina,08-04-2001
Elga,Piechnik,epiechnik6b@zimbio.com,Female,795-163-5966,Russia,03-04-1984
Yoko,Gatley,ygatley6c@google.ru,Female,945-526-0633,Botswana,26-02-1961
Rebekkah,Staggs,rstaggs6d@home.pl,Female,119-589-8053,Germany,01-07-1982
Ilka,Jeffels,ijeffels6e@fda.gov,Female,916-976-7949,United States,11-06-1987
Gertrude,Boswell,gboswell6f@drupal.org,Female,943-871-0660,China,25-09-1965
Danna,Gouda,dgouda6g@xing.com,Female,242-442-2276,Sweden,31-05-1970
Maurie,Tidbold,mtidbold6h@theatlantic.com,Male,773-719-0335,Italy,13-06-2001
Krysta,Camble,kcamble6i@intel.com,Female,182-662-6314,Bosnia and Herzegovina,31-01-1961
Brnaba,Cruxton,bcruxton6j@slate.com,Male,112-933-7708,China,27-03-1994
Valentine,Johnsson,vjohnsson6k@domainmarket.com,Male,167-128-1913,Indonesia,24-07-1975
Madella,Josuweit,mjosuweit6l@fema.gov,Female,831-156-3751,Nigeria,24-11-1974
Lavina,Choldcroft,lcholdcroft6m@ask.com,Female,692-510-1919,Indonesia,06-08-1977
Brittne,Casero,bcasero6n@odnoklassniki.ru,Female,835-547-7040,Brazil,20-07-1959
Twila,Argile,targile6o@creativecommons.org,Female,312-808-3816,China,14-07-1950
Chanda,Bartomeu,cbartomeu6p@tamu.edu,Female,538-773-7350,Serbia,06-10-1999
Myrle,Archdeacon,marchdeacon6q@prweb.com,Agender,208-200-2329,Philippines,18-10-1976
Damon,Krabbe,dkrabbe6r@twitpic.com,Male,271-515-1039,Syria,31-03-1993
Caroline,Tann,ctann6s@opera.com,Female,978-172-3873,Egypt,14-08-1976
Hanny,Hazlegrove,hhazlegrove6t@patch.com,Female,873-776-8977,China,09-01-1995
Broddy,Bridger,bbridger6u@soup.io,Male,546-225-3786,Croatia,28-06-1981
Davis,Speir,dspeir6v@blinklist.com,Polygender,274-618-5526,China,01-12-2002
Lenka,Tinan,ltinan6w@youtube.com,Female,321-176-2354,France,04-06-1981
Marylee,Andras,mandras6x@theguardian.com,Female,875-303-0196,China,02-10-1957
Dolli,Broadbere,dbroadbere6y@pcworld.com,Female,997-499-4966,Indonesia,24-03-1993
Timmi,Poynter,tpoynter6z@sun.com,Agender,111-915-7242,Sweden,01-04-1985
Dillie,Bullivant,dbullivant70@europa.eu,Male,681-637-7854,Portugal,15-02-1978
Ibbie,Eastman,ieastman71@xinhuanet.com,Female,754-988-2870,Sweden,03-01-2000
Benedikta,Mebius,bmebius72@4shared.com,Female,997-444-2918,El Salvador,28-08-1978
Kalie,Mattielli,kmattielli73@last.fm,Female,779-279-7439,Greece,04-08-1951
Salem,Korlat,skorlat74@upenn.edu,Male,173-592-5949,Nicaragua,31-05-1963
Seward,Greenhowe,sgreenhowe75@gov.uk,Male,378-235-3869,China,25-04-1972
Toinette,Sherrock,tsherrock76@tripod.com,Female,262-359-2386,Greece,06-07-1984
Vivienne,Grzeszczak,vgrzeszczak77@canalblog.com,Female,868-600-5015,Portugal,30-09-2000
Linoel,Delagua,ldelagua78@oracle.com,Male,579-352-0111,Bolivia,10-11-1995
Markus,Skeemor,mskeemor79@uol.com.br,Male,763-804-3583,China,15-09-1960
Doralyn,Laise,dlaise7a@ted.com,Female,340-297-8125,Poland,27-10-1979
Aldon,Orcas,aorcas7b@tripadvisor.com,Male,832-971-8337,Thailand,08-03-1994
Amanda,Scrivin,ascrivin7c@opera.com,Female,271-306-6686,Indonesia,11-03-1979
Jackquelin,Radmer,jradmer7d@de.vu,Female,765-916-6892,Philippines,21-07-1966
Gunilla,Jerrolt,gjerrolt7e@xing.com,Female,439-312-9608,Russia,13-02-1964
Yanaton,Gaylard,ygaylard7f@kickstarter.com,Male,215-748-9606,Canada,27-03-1997
Alexia,Bere,abere7g@indiegogo.com,Female,722-906-8500,China,31-05-1959
Gayleen,Yeskin,gyeskin7h@dyndns.org,Female,553-369-2190,Lebanon,16-01-1978
Dillie,Du Pre,ddupre7i@army.mil,Male,377-418-5298,Indonesia,24-03-1971
Bamby,Slaten,bslaten7j@booking.com,Female,203-264-6227,United States,04-10-1950
Rhiamon,Wilsee,rwilsee7k@yellowpages.com,Female,348-614-2836,Mongolia,20-09-1958
Aurora,Squire,asquire7l@about.com,Female,475-262-6590,Bahrain,03-11-1976
Darn,Bergen,dbergen7m@cbsnews.com,Male,939-946-3387,Argentina,15-09-1954
Haily,Daws,hdaws7n@amazon.co.jp,Male,805-956-9413,Russia,27-07-2001
Russ,Divine,rdivine7o@tinypic.com,Genderqueer,403-221-5397,Indonesia,23-04-1991
Glenna,McEntagart,gmcentagart7p@slate.com,Female,619-391-5314,Armenia,01-06-1960
Hughie,Roberds,hroberds7q@wp.com,Male,848-258-8931,Tunisia,03-06-1968
Consuela,Lippini,clippini7r@last.fm,Female,742-559-3104,Sweden,26-07-1972
Gretna,Hebbs,ghebbs7s@mtv.com,Female,196-341-0588,Albania,14-12-1979
Erminia,Cotillard,ecotillard7t@google.com.hk,Female,763-325-5176,Netherlands,01-03-1987
Miguel,Maciocia,mmaciocia7u@answers.com,Genderfluid,364-588-3280,Ireland,03-09-2000
Gregoor,Boshers,gboshers7v@facebook.com,Male,711-912-8605,Philippines,19-01-2000
Adolphus,Hablet,ahablet7w@gnu.org,Male,166-337-5339,Russia,21-07-1973
Melita,Wike,mwike7x@cam.ac.uk,Female,561-310-8114,Philippines,31-08-1969
Vincenty,Tapenden,vtapenden7y@smh.com.au,Male,456-412-4527,Haiti,03-10-1982
Harold,Keenleyside,hkeenleyside7z@rambler.ru,Male,758-902-9540,China,21-06-1955
Gaspar,Duchatel,gduchatel80@unicef.org,Male,763-440-6565,Peru,31-01-1992
Lotte,Hickeringill,lhickeringill81@spiegel.de,Female,163-320-6817,Yemen,21-06-1970
Marley,Febre,mfebre82@purevolume.com,Female,394-534-1165,China,23-04-1963
Filmore,Biddiss,fbiddiss83@chronoengine.com,Male,377-377-9574,Indonesia,26-11-1972
Teriann,Couche,tcouche84@xinhuanet.com,Female,545-344-6388,Suriname,10-06-1982
Jereme,Milley,jmilley85@tiny.cc,Male,607-631-8208,France,31-05-1975
Delbert,Attard,dattard86@dyndns.org,Male,734-150-8525,Ukraine,09-10-1973
Stafani,McArd,smcard87@ezinearticles.com,Female,850-508-6398,Poland,13-09-1999
Seamus,Stoakley,sstoakley88@newyorker.com,Male,941-233-2898,Peru,06-01-1958
Walliw,Kemp,wkemp89@ifeng.com,Female,573-268-9064,Myanmar,25-05-1959
Krystal,Downham,kdownham8a@twitter.com,Female,950-563-3927,Peru,28-01-1984
Emilia,Goucher,egoucher8b@cnn.com,Female,691-628-4748,Brazil,16-01-1964
Edita,Crennan,ecrennan8c@bloglines.com,Female,719-479-5425,United States,21-11-1962
Rina,Zorzetti,rzorzetti8d@nasa.gov,Female,237-205-6955,Philippines,11-05-1968
Wylma,Kubacki,wkubacki8e@mit.edu,Polygender,468-592-9307,Serbia,04-03-1957
Sibelle,Spencley,sspencley8f@free.fr,Female,810-317-4311,Brazil,25-06-1992
Saraann,Million,smillion8g@cam.ac.uk,Female,448-346-7021,Portugal,10-09-1982
Dasha,Pogson,dpogson8h@dedecms.com,Female,364-584-4666,Australia,10-05-1954
Mendy,Devall,mdevall8i@usatoday.com,Male,657-805-5533,China,15-07-1983
Beret,Shawe,bshawe8j@1und1.de,Female,123-638-0563,France,25-09-1981
Carroll,Jerdein,cjerdein8k@vk.com,Male,455-417-7529,China,23-05-1996
Ula,Deftie,udeftie8l@cam.ac.uk,Female,408-908-8442,Pakistan,19-11-1981
Rubi,Janaszewski,rjanaszewski8m@ameblo.jp,Agender,992-595-3474,China,08-06-1982
Noland,Letford,nletford8n@about.me,Male,697-824-7769,Indonesia,05-10-1981
Nicky,Soaper,nsoaper8o@yandex.ru,Male,918-419-6352,Russia,04-12-1972
Tam,Habbert,thabbert8p@wikimedia.org,Male,623-504-2229,Nigeria,07-06-1992
Cornelius,Axton,caxton8q@npr.org,Male,977-180-8251,Uganda,02-02-1970
Dwain,Lucey,dlucey8r@hibu.com,Male,953-658-4197,Sweden,03-03-1990
Julio,Crotty,jcrotty8s@army.mil,Male,663-184-7142,Russia,26-11-2001
Rhodie,Waind,rwaind8t@boston.com,Female,732-103-0590,Brazil,05-09-1998
Mic,O'Shevlan,moshevlan8u@state.tx.us,Male,403-397-2052,France,01-01-1997
Pietrek,Baron,pbaron8v@mysql.com,Genderfluid,454-221-5040,China,20-02-1986
Adara,Bonifazio,abonifazio8w@naver.com,Female,280-649-4683,France,26-09-1988
Baillie,Dupoy,bdupoy8x@myspace.com,Male,931-520-7961,China,07-11-1983
Tammara,Dennis,tdennis8y@seesaa.net,Female,203-464-7608,Indonesia,09-09-1980
Demetris,MacAloren,dmacaloren8z@utexas.edu,Female,424-185-9898,Philippines,20-07-1995
Clementina,Burris,cburris90@imgur.com,Female,569-940-4036,China,21-03-1988
Ruprecht,Lightbourne,rlightbourne91@tripadvisor.com,Male,511-108-2260,Iran,21-05-1975
Letty,Anderton,landerton92@latimes.com,Female,246-122-5219,Afghanistan,15-02-1986
Jemmy,Adrienne,jadrienne93@chron.com,Female,586-479-3820,Venezuela,12-10-1970
Dorolice,Brimicombe,dbrimicombe94@google.de,Non-binary,862-579-4136,Indonesia,09-06-1982
Hester,Sprowell,hsprowell95@altervista.org,Female,632-726-4141,Indonesia,27-11-1960
Amandi,Instone,ainstone96@smh.com.au,Female,330-248-5762,Iran,09-03-1956
Aldo,Loveman,aloveman97@redcross.org,Male,275-742-7082,China,31-01-1990
Ania,Muress,amuress98@dell.com,Female,251-552-5702,Indonesia,03-10-1969
Gusti,Hawksworth,ghawksworth99@cocolog-nifty.com,Female,360-564-8314,Greece,14-09-1999
Hodge,Johnstone,hjohnstone9a@vistaprint.com,Male,433-585-3765,Morocco,28-05-1978
Marjy,Balham,mbalham9b@quantcast.com,Female,486-344-8172,Brazil,07-06-1954
Esta,Boakes,eboakes9c@instagram.com,Female,284-520-0852,Mexico,16-07-1965
Zandra,Annion,zannion9d@yolasite.com,Female,740-858-3166,Indonesia,31-12-1973
Lorine,Krink,lkrink9e@hp.com,Female,172-319-2858,Indonesia,21-06-1959
Franklyn,Peck,fpeck9f@tripod.com,Polygender,459-828-9609,Russia,14-03-2002
Kerby,Order,korder9g@seattletimes.com,Male,121-749-0130,Poland,24-07-1978
Margaretha,Clemoes,mclemoes9h@reverbnation.com,Female,217-133-8351,France,08-04-1979
Nikos,Fend,nfend9i@psu.edu,Male,187-861-8274,Philippines,03-06-1960
Cristine,Senechell,csenechell9j@miitbeian.gov.cn,Female,400-686-9789,Canada,02-07-1973
Marga,Durrell,mdurrell9k@opensource.org,Female,754-818-6904,Slovenia,29-04-1994
Shawnee,Grunwall,sgrunwall9l@tumblr.com,Female,761-308-1277,China,09-01-1995
Allis,Raycroft,araycroft9m@storify.com,Female,449-927-9441,China,26-02-1993
Hartley,Turneux,hturneux9n@google.com.au,Bigender,694-302-0074,Portugal,21-11-1951
Leonidas,Ettridge,lettridge9o@google.ru,Male,701-981-9278,Morocco,05-03-1988
Ros,Yo,ryo9p@woothemes.com,Female,639-234-5710,Sierra Leone,24-11-1959
Meredith,Braisby,mbraisby9q@princeton.edu,Male,551-749-3640,China,21-07-1982
Shellysheldon,Lambal,slambal9r@twitpic.com,Male,529-196-9138,Portugal,13-10-1967
Valdemar,Messier,vmessier9s@illinois.edu,Male,132-158-0233,Cameroon,16-01-1980
Pooh,Cordell,pcordell9t@examiner.com,Female,848-887-5201,Poland,13-01-1973
Vikky,Reckus,vreckus9u@sina.com.cn,Female,300-609-0360,Egypt,24-07-1952
Aridatha,Fellibrand,afellibrand9v@lulu.com,Female,789-434-5492,Bangladesh,14-10-1958
Billy,Cescotti,bcescotti9w@eepurl.com,Male,829-214-5684,Croatia,16-11-1986
Kliment,Ewdale,kewdale9x@cmu.edu,Male,679-831-4885,Cuba,16-10-1992
Rowe,Leabeater,rleabeater9y@dyndns.org,Female,431-641-3769,Cape Verde,20-06-1979
Isa,Richt,iricht9z@sun.com,Female,527-631-8587,Japan,24-08-1996
Lucien,Crowhurst,lcrowhursta0@cpanel.net,Male,995-826-7380,Greece,23-11-1976
Christos,Tamlett,ctamletta1@mayoclinic.com,Male,811-400-3463,China,04-01-1976
Ruthy,Grzelewski,rgrzelewskia2@last.fm,Female,140-174-3229,Sweden,06-10-1980
Em,Tregunna,etregunnaa3@goodreads.com,Female,652-393-5821,Marshall Islands,19-10-1950
Zack,Feare,zfearea4@scientificamerican.com,Male,683-828-8787,Tanzania,19-04-1970
Eddie,Dunkerley,edunkerleya5@umn.edu,Male,416-396-6731,Indonesia,28-10-1974
Aubrey,Swatton,aswattona6@yellowpages.com,Genderqueer,492-707-3507,Indonesia,20-08-1992
Ambrosius,Donisi,adonisia7@cbc.ca,Male,494-215-8531,Brazil,07-12-1985
Sim,Minghella,sminghellaa8@ucoz.ru,Male,794-650-6810,Macedonia,22-12-1979
Ferrell,Tythe,ftythea9@privacy.gov.au,Male,925-963-3995,Mexico,18-01-1957
Edyth,Oger,eogeraa@chicagotribune.com,Female,962-354-6903,Philippines,12-02-1974
West,Jeromson,wjeromsonab@salon.com,Bigender,522-598-9900,Peru,28-08-1993
Maryrose,Cutbirth,mcutbirthac@infoseek.co.jp,Female,380-311-4768,Niger,20-05-1990
Diann,Heers,dheersad@time.com,Female,377-129-0041,Portugal,02-07-1984
Kingsly,Varden,kvardenae@trellian.com,Male,217-766-3917,Indonesia,01-09-1977
Shanta,McArthur,smcarthuraf@nps.gov,Female,894-964-3166,Kazakhstan,24-02-1991
Carmen,Salvatore,csalvatoreag@rakuten.co.jp,Female,550-782-8626,Libya,08-06-1995
Colan,Stickins,cstickinsah@odnoklassniki.ru,Male,735-292-7677,Japan,05-05-1969
Fran,Lilford,flilfordai@ebay.co.uk,Male,888-830-3270,China,23-12-1955
Ronda,Hoolaghan,rhoolaghanaj@alexa.com,Female,913-436-2604,Peru,08-10-2000
Lorenzo,Gowenlock,lgowenlockak@cdc.gov,Male,886-599-9262,United Kingdom,25-10-1996
Vitoria,Mallya,vmallyaal@latimes.com,Female,209-436-5696,Ukraine,30-08-1978
Artur,Apdell,aapdellam@java.com,Male,590-377-2698,Philippines,02-09-1984
Candice,Macbeth,cmacbethan@phpbb.com,Female,868-253-8951,Indonesia,22-08-1978
Farah,Prestwich,fprestwichao@ehow.com,Female,303-457-4572,Poland,09-10-1964
Gradey,Dragoe,gdragoeap@vk.com,Male,981-600-1614,Brazil,06-03-1990
Angelika,Kalinke,akalinkeaq@economist.com,Female,177-170-8335,Greece,26-12-1958
Gabe,Karsh,gkarshar@oakley.com,Male,101-508-7405,China,14-03-1951
Melodee,Benfell,mbenfellas@foxnews.com,Genderfluid,141-657-5943,Canada,18-03-1994
Jeanna,Bedburrow,jbedburrowat@yandex.ru,Female,213-184-5006,United States,29-05-1962
Jemimah,Scoullar,jscoullarau@washington.edu,Female,121-827-6786,Mongolia,22-03-1971
Hilda,Crisford,hcrisfordav@meetup.com,Female,647-724-2477,Venezuela,25-10-1977
Bobinette,Tall,btallaw@theglobeandmail.com,Female,778-565-5957,Bangladesh,16-11-1968
Dwayne,Casaroli,dcasaroliax@last.fm,Male,104-271-0123,Indonesia,26-10-1998
Henrie,Adin,hadinay@cbsnews.com,Female,239-148-9479,Kazakhstan,17-03-1981
Bobbee,McCrackan,bmccrackanaz@nature.com,Female,327-186-4223,Norway,15-07-1982
Dean,Warlton,dwarltonb0@unicef.org,Male,566-432-7212,Brazil,01-02-1976
Skippy,Hearnaman,shearnamanb1@answers.com,Genderqueer,635-641-3392,Senegal,09-09-1968
Jefferey,McLardie,jmclardieb2@msn.com,Male,537-132-3996,Indonesia,11-04-1951
Bryna,Dulson,bdulsonb3@example.com,Female,661-902-0105,Malta,24-09-1964
Aaron,Sebyer,asebyerb4@squidoo.com,Non-binary,528-920-5698,Honduras,15-12-1982
Hakim,Stirling,hstirlingb5@springer.com,Male,471-621-6522,Bulgaria,24-12-1966
Vasili,Yare,vyareb6@si.edu,Male,305-449-6623,Mongolia,22-08-1971
Meridel,Sarl,msarlb7@ifeng.com,Female,136-874-5828,Indonesia,07-05-1991
Carolus,Dutton,cduttonb8@salon.com,Male,648-673-8369,China,02-11-1997
Louis,Frankcombe,lfrankcombeb9@arstechnica.com,Male,435-250-9733,North Korea,03-08-1989
Torry,Stife,tstifeba@usa.gov,Male,308-419-9781,Russia,10-01-1983
Linette,Divell,ldivellbb@networksolutions.com,Female,612-292-6601,Peru,26-01-1957
Veronike,Henken,vhenkenbc@printfriendly.com,Agender,807-574-5503,Indonesia,23-01-1999
Astrix,Vinten,avintenbd@springer.com,Female,805-682-8202,Argentina,15-01-1980
Anton,Paszak,apaszakbe@shinystat.com,Male,933-909-9390,China,10-06-1999
Lilly,Flanigan,lflaniganbf@clickbank.net,Female,845-130-9596,Czech Republic,09-03-1981
Broddy,Mangeney,bmangeneybg@nba.com,Male,825-137-6659,China,20-08-1971
Johnnie,Mushrow,jmushrowbh@squidoo.com,Male,847-893-5982,United States,17-05-1971
Marcelline,Noades,mnoadesbi@disqus.com,Female,814-602-6477,Sweden,28-10-1959
Margaretta,Duffell,mduffellbj@cbc.ca,Female,431-633-8624,Israel,08-05-1981
Garvin,Yeowell,gyeowellbk@psu.edu,Male,404-794-3063,Niger,14-12-1975
Dagmar,Ballister,dballisterbl@angelfire.com,Female,833-816-9424,France,09-04-2001
Amalea,Coulter,acoulterbm@hostgator.com,Agender,267-299-1552,Portugal,28-05-1994
Carlie,Stenton,cstentonbn@mit.edu,Male,202-107-1867,United States,10-12-1958
Whittaker,Piggot,wpiggotbo@blogtalkradio.com,Male,887-528-2546,Russia,28-10-1992
Catarina,Caveill,ccaveillbp@nasa.gov,Female,610-890-5059,Kenya,28-11-1978
Fredek,Cromett,fcromettbq@gravatar.com,Male,758-400-2411,Indonesia,10-01-2002
Clarice,Danby,cdanbybr@springer.com,Female,796-580-2164,Russia,11-06-1969
Conrade,Pauleit,cpauleitbs@elpais.com,Male,926-638-4429,Philippines,25-07-1971
Farr,Sapauton,fsapautonbt@amazon.com,Male,788-547-5895,Indonesia,04-03-1979
Hillard,Denniston,hdennistonbu@hp.com,Male,249-111-8538,Belgium,24-02-1982
Babette,Moralee,bmoraleebv@flavors.me,Genderfluid,866-713-0664,China,12-08-1997
Delphine,Tyndall,dtyndallbw@desdev.cn,Female,728-129-4908,Morocco,07-11-1982
Haydon,Richel,hrichelbx@about.me,Male,907-407-4413,Philippines,22-08-1950
Nichole,Ciobotaro,nciobotaroby@typepad.com,Female,174-233-2811,Croatia,23-10-1991
Buddie,Joyner,bjoynerbz@mlb.com,Male,844-270-9472,Indonesia,04-10-1981
Swen,Rendell,srendellc0@icio.us,Male,156-449-9145,Finland,18-01-1980
Marita,Grigson,mgrigsonc1@facebook.com,Female,442-459-3921,Argentina,28-08-1999
Tricia,Govern,tgovernc2@squidoo.com,Female,223-253-0377,Nigeria,06-08-1966
Horatio,Cockayne,hcockaynec3@yellowbook.com,Male,162-811-2141,Nigeria,06-11-1994
Billie,Hallyburton,bhallyburtonc4@ed.gov,Female,418-455-1156,China,01-03-1995
Rolando,Hathorn,rhathornc5@mlb.com,Male,917-552-2299,China,20-05-1968
Berny,Caddie,bcaddiec6@t.co,Female,421-412-5853,China,25-12-1998
Hewett,Snoday,hsnodayc7@issuu.com,Male,525-477-8330,Russia,29-10-1965
Garwin,Ugolotti,gugolottic8@joomla.org,Male,570-971-4872,China,02-03-1992
Wendi,Pexton,wpextonc9@themeforest.net,Female,141-189-0592,Portugal,11-01-1976
Bordie,Breslau,bbreslauca@rambler.ru,Male,286-337-3107,Poland,05-12-1957
Haze,Tilt,htiltcb@businessinsider.com,Male,273-957-0463,Philippines,29-06-1963
Boniface,Burds,bburdscc@behance.net,Male,168-909-8758,China,07-02-1966
Seana,Vogele,svogelecd@house.gov,Female,792-770-4628,Portugal,19-11-1971
Isidro,Josselson,ijosselsonce@tuttocitta.it,Male,514-830-9792,Russia,29-11-1987
Myrwyn,Burdus,mburduscf@yelp.com,Male,426-127-6213,Ireland,24-05-1980
Orel,Milthorpe,omilthorpecg@jimdo.com,Female,188-927-8678,Malaysia,11-11-1954
Joshia,Bobasch,jbobaschch@ibm.com,Male,788-706-4915,Indonesia,12-05-1968
Kelsey,Ogus,kogusci@diigo.com,Male,279-911-2539,China,03-09-1976
Sheeree,Hardeman,shardemancj@miitbeian.gov.cn,Female,628-537-1608,China,25-11-1974
Antoine,Grangier,agrangierck@oaic.gov.au,Male,347-673-2754,Guinea,01-03-1955
Dian,Balcon,dbalconcl@altervista.org,Female,512-280-8586,United States,10-01-1953
Arluene,McAuliffe,amcauliffecm@spotify.com,Female,743-533-0965,Japan,08-04-1983
Dell,Doale,ddoalecn@ted.com,Female,244-570-3641,Brazil,04-12-2000
Nils,Del Dello,ndeldelloco@census.gov,Male,247-348-5688,Germany,06-01-1985
Joseph,de Mullett,jdemullettcp@indiegogo.com,Male,250-567-7698,China,05-02-1972
Dennison,Arton,dartoncq@eventbrite.com,Male,927-734-9663,Indonesia,01-12-1997
Barrett,Hebble,bhebblecr@friendfeed.com,Male,457-540-0791,Brazil,30-01-2001
Jere,Stefanovic,jstefanoviccs@wp.com,Male,443-660-7110,Tajikistan,27-04-1955
Manolo,Slany,mslanyct@bandcamp.com,Polygender,596-112-0940,Sweden,19-04-1962
Warren,Bussens,wbussenscu@phoca.cz,Male,533-480-3689,Russia,26-04-1964
Cassie,Budgeon,cbudgeoncv@un.org,Male,539-303-5012,China,17-11-1981
Goraud,Neal,gnealcw@nydailynews.com,Male,906-929-1071,United Kingdom,26-09-1958
Taddeo,Filyakov,tfilyakovcx@apache.org,Male,257-471-3994,China,24-04-1983
Fee,Corwin,fcorwincy@nps.gov,Male,870-588-4355,Indonesia,04-03-1953
Arman,Liversage,aliversagecz@webnode.com,Male,883-443-2547,Bulgaria,23-02-1985
Margarita,Burleton,mburletond0@earthlink.net,Female,705-714-7655,Indonesia,03-09-1954
Robyn,Harland,rharlandd1@latimes.com,Female,431-489-2932,Vietnam,24-09-1968
Jeremias,Aubrey,jaubreyd2@ox.ac.uk,Male,519-719-0444,Peru,04-10-1952
Kerrin,Pieper,kpieperd3@vimeo.com,Female,443-681-1657,Colombia,21-12-1959
Lydie,Cesaric,lcesaricd4@samsung.com,Female,132-116-9784,Russia,13-06-1998
Crichton,Ferras,cferrasd5@opera.com,Male,174-725-0644,France,10-10-1965
Maria,Kynsey,mkynseyd6@theatlantic.com,Female,680-935-2110,China,03-09-1971
Felicio,Pieper,fpieperd7@plala.or.jp,Male,857-676-9352,Jordan,22-11-1985
Alberta,Burdass,aburdassd8@behance.net,Bigender,772-235-3702,Indonesia,06-07-1951
Reube,Baudoux,rbaudouxd9@wired.com,Male,834-348-8676,China,10-11-1995
Hymie,Garvill,hgarvillda@hatena.ne.jp,Male,975-978-1988,Portugal,18-10-1982
Reinaldos,Fancet,rfancetdb@dot.gov,Male,550-358-9361,Indonesia,30-08-1970
Nicolette,Pogosian,npogosiandc@harvard.edu,Female,843-112-8163,Democratic Republic of the Congo,30-08-1968
Bartie,Dulen,bdulendd@irs.gov,Male,478-458-9224,Poland,30-05-1984
Sayers,Brookzie,sbrookziede@nifty.com,Male,704-272-6537,Ethiopia,26-06-1995
Eldridge,Godwin,egodwindf@quantcast.com,Male,372-540-2464,Greece,06-05-1959
Gannie,Hayden,ghaydendg@ucsd.edu,Male,366-818-6559,China,08-06-1975
Sheelagh,Wapples,swapplesdh@adobe.com,Female,222-713-7685,Gambia,04-03-1999
Elliott,Ashingden,eashingdendi@goo.ne.jp,Male,251-720-6861,Honduras,20-12-1973
Nicki,Dolbey,ndolbeydj@w3.org,Female,473-327-8591,Philippines,16-11-1976
Nevins,Poat,npoatdk@disqus.com,Male,243-734-9445,Vietnam,11-07-1993
Vincenz,Kiezler,vkiezlerdl@icio.us,Male,335-992-1315,Peru,26-07-1955
Bealle,Cully,bcullydm@washington.edu,Male,630-147-4555,Indonesia,23-03-1961
Angel,Schettini,aschettinidn@trellian.com,Polygender,458-534-5512,Canada,06-08-1963
Tadd,Colrein,tcolreindo@ucla.edu,Bigender,852-942-0128,China,29-07-1990
Nevins,Jurgen,njurgendp@oaic.gov.au,Agender,766-690-1192,Croatia,05-01-1995
Diego,Sherred,dsherreddq@eventbrite.com,Male,967-770-7737,China,11-01-1982
Sid,Gooble,sgoobledr@rakuten.co.jp,Male,813-929-0951,France,20-04-1996
Vina,Verny,vvernyds@sun.com,Female,416-307-5935,Cuba,05-02-1961
Germana,Meegin,gmeegindt@huffingtonpost.com,Female,499-264-0884,Argentina,31-03-1975
Osbourne,Eilert,oeilertdu@ow.ly,Male,260-943-6182,Japan,02-05-1998
Morley,Coatts,mcoattsdv@nymag.com,Male,217-254-8203,United States,27-05-1974
Shayne,Dakers,sdakersdw@flavors.me,Male,280-700-0784,China,26-02-2000
Georgine,Pestricke,gpestrickedx@github.io,Female,140-950-4563,Russia,28-06-1981
Shurwood,Gurg,sgurgdy@g.co,Male,941-853-7432,Argentina,04-01-1973
Gustav,Perillo,gperillodz@imageshack.us,Male,730-248-0462,China,01-05-1967
Ludvig,Pracy,lpracye0@hexun.com,Bigender,296-429-1582,South Africa,03-04-1972
Bridgette,Paulet,bpaulete1@livejournal.com,Female,652-553-1935,Cuba,04-06-1973
Randa,Muglestone,rmuglestonee2@admin.ch,Female,569-914-3530,Vietnam,08-02-1967
Krysta,Toplis,ktoplise3@salon.com,Female,760-236-9101,France,11-01-1981
Janot,Trappe,jtrappee4@1688.com,Female,868-786-2995,Indonesia,21-11-1999
Maurise,Tukely,mtukelye5@themeforest.net,Male,771-564-6087,China,11-06-1987
Shelly,Basso,sbassoe6@unicef.org,Female,119-383-1997,Greece,23-09-1984
Erda,Swalwel,eswalwele7@yahoo.co.jp,Female,511-823-7265,Indonesia,09-01-1971
Cos,Sweet,csweete8@odnoklassniki.ru,Male,385-904-8471,Cuba,03-02-1976
Reeta,Legging,rlegginge9@amazon.com,Female,527-576-4071,China,13-03-1997
Shannah,Buntain,sbuntainea@alibaba.com,Female,410-940-1583,Gambia,01-09-1960
Levin,Petroff,lpetroffeb@google.com.br,Male,902-674-2015,Slovenia,15-07-1972
Gamaliel,Ridgley,gridgleyec@g.co,Male,249-632-0796,Peru,05-05-1952
Felicle,Happer,fhappered@deviantart.com,Female,528-273-0542,South Africa,24-10-1950
Dillon,Ratray,dratrayee@com.com,Male,982-385-0052,Indonesia,10-08-1989
Tymon,Muirden,tmuirdenef@facebook.com,Male,513-117-1318,Thailand,07-01-1976
Dyanne,Kernermann,dkernermanneg@jiathis.com,Female,909-529-9753,Portugal,23-02-1983
Earle,Artingstall,eartingstalleh@e-recht24.de,Male,270-999-0696,Indonesia,26-03-1961
Andria,Faichnie,afaichnieei@prlog.org,Female,675-900-9150,China,22-12-2001
Sybila,Thrustle,sthrustleej@amazonaws.com,Female,391-222-1002,Philippines,04-02-1996
Em,Treacy,etreacyek@msn.com,Male,163-416-3921,Norway,25-08-1973
Heinrik,Doneld,hdoneldel@barnesandnoble.com,Male,183-971-9135,Indonesia,20-05-1981
Berni,Fishbourn,bfishbournem@sciencedaily.com,Female,169-781-3511,France,30-05-2000
Bella,Ugoni,bugonien@rambler.ru,Female,944-357-3221,Indonesia,12-05-1995
Camille,Boyfield,cboyfieldeo@infoseek.co.jp,Female,371-554-8760,Sweden,09-07-1979
Elfie,Bispo,ebispoep@fema.gov,Female,597-753-1134,China,03-03-1999
Ferris,Gummory,fgummoryeq@last.fm,Male,964-898-4675,Thailand,14-12-1961
Norrie,Leyton,nleytoner@deviantart.com,Female,672-351-5156,Poland,04-10-2002
Parsifal,Devenish,pdevenishes@huffingtonpost.com,Male,212-345-1565,United States,13-01-1951
Kimberlyn,Broggini,kbrogginiet@ask.com,Female,504-302-0177,Vietnam,16-06-1957
Eugine,O'Shiel,eoshieleu@ning.com,Female,368-400-7176,Nigeria,25-09-1988
Gillie,Castagnet,gcastagnetev@pagesperso-orange.fr,Female,196-247-7786,Iran,17-05-1982
Maison,Bartels-Ellis,mbartelsellisew@oracle.com,Male,943-363-1751,China,29-08-1969
Madelena,Boick,mboickex@nature.com,Female,497-205-5563,Slovenia,31-10-1985
Booth,Dachey,bdacheyey@webs.com,Male,491-622-0702,China,16-10-1970
Saunderson,Fishpool,sfishpoolez@nationalgeographic.com,Male,279-404-3743,Peru,05-10-1994
Valentijn,Cleghorn,vcleghornf0@google.nl,Male,616-970-3259,Indonesia,16-12-1995
Reynolds,Burtwistle,rburtwistlef1@ow.ly,Male,245-351-3040,Russia,31-01-1990
Ker,Stribbling,kstribblingf2@dagondesign.com,Male,264-432-3421,China,22-07-1994
Teri,Blackall,tblackallf3@wordpress.com,Female,969-451-1417,France,26-04-1972
Marven,Alesin,malesinf4@java.com,Male,501-810-0160,China,04-04-1957
Essy,Darlow,edarlowf5@newsvine.com,Female,351-535-3537,Italy,14-11-1963
Vi,Orth,vorthf6@ucoz.com,Female,438-109-0762,Indonesia,29-09-1980
Myrna,Devall,mdevallf7@amazon.co.uk,Female,765-376-6065,China,18-06-1971
Zarla,Oleshunin,zoleshuninf8@netscape.com,Female,576-332-2611,Brazil,10-11-1975
Silvio,Nevins,snevinsf9@goo.ne.jp,Male,357-492-9159,Indonesia,29-09-1951
Robbie,Demougeot,rdemougeotfa@icio.us,Male,233-453-9688,Mexico,22-02-1991
Olenolin,Conrath,oconrathfb@google.ru,Male,125-810-8646,Indonesia,07-01-1985
Ruperta,Nuth,rnuthfc@histats.com,Female,838-958-2138,Ireland,02-03-1990
Willy,Haselwood,whaselwoodfd@lycos.com,Male,710-610-7987,Ukraine,06-05-1996
Lisetta,Guilaem,lguilaemfe@jugem.jp,Agender,753-796-7978,Russia,18-11-1997
Wolfgang,Ashwood,washwoodff@quantcast.com,Non-binary,812-283-7043,United States,06-05-1966
Irena,Fiennes,ifiennesfg@hao123.com,Female,640-876-9510,Mongolia,19-11-1960
Bald,Andrichuk,bandrichukfh@hubpages.com,Male,876-758-7282,Indonesia,27-02-1963
Hasty,Cultcheth,hcultchethfi@mail.ru,Male,177-616-0914,France,25-01-1973
Laurice,Hoffmann,lhoffmannfj@illinois.edu,Female,493-143-7297,Indonesia,11-02-1987
Graehme,Gleadle,ggleadlefk@reddit.com,Male,598-136-6021,Albania,02-11-1964
Chandra,Kesby,ckesbyfl@slashdot.org,Female,572-918-3169,Ireland,17-10-1950
Jacinthe,MacKomb,jmackombfm@ycombinator.com,Female,684-624-5834,Philippines,24-07-1958
Say,Lander,slanderfn@youtube.com,Male,585-489-6835,Portugal,30-04-1988
Myra,Nendick,mnendickfo@youtu.be,Female,606-501-2742,China,20-09-1954
Madelin,Tooting,mtootingfp@nhs.uk,Female,213-822-7376,China,11-06-1955
Morena,Defau,mdefaufq@bbb.org,Female,177-600-6069,Argentina,23-12-1996
Emalia,Planque,eplanquefr@a8.net,Female,780-107-9252,Russia,04-08-1981
Lindsey,Wildt,lwildtfs@goo.gl,Female,188-455-3842,France,01-03-1986
Raine,O'Moylane,romoylaneft@rakuten.co.jp,Female,966-602-4542,Indonesia,22-11-1974
Rory,Wannop,rwannopfu@jiathis.com,Female,414-307-4659,Japan,08-06-1969
Sabra,Betton,sbettonfv@chronoengine.com,Female,993-592-8013,Ireland,23-12-1960
Chrisy,Gibberd,cgibberdfw@reddit.com,Male,753-335-6430,Greece,20-03-1982
Oswell,Renouf,orenouffx@hugedomains.com,Male,422-543-3916,China,14-03-1971
Georgianne,Paeckmeyer,gpaeckmeyerfy@posterous.com,Female,106-123-3674,Poland,28-07-1986
Rand,Pressman,rpressmanfz@linkedin.com,Male,880-149-6031,Japan,20-01-1950
Christen,Duckham,cduckhamg0@wordpress.org,Female,559-140-6403,Iraq,05-01-2001
Creigh,Brands,cbrandsg1@state.gov,Male,501-641-7845,Indonesia,28-03-1974
Gwendolyn,Cassy,gcassyg2@berkeley.edu,Female,853-485-2902,Poland,05-04-1954
Blinny,Rochewell,brochewellg3@mail.ru,Agender,480-439-0194,Brazil,26-06-1993
Karl,Fice,kficeg4@cisco.com,Agender,969-660-5833,Philippines,10-05-1950
Lesya,Swindin,lswinding5@answers.com,Female,621-182-9733,Burkina Faso,15-09-1966
Jessee,Barlie,jbarlieg6@time.com,Genderfluid,585-698-6638,Indonesia,16-03-1961
Dex,Jancey,djanceyg7@imageshack.us,Male,143-166-6430,Czech Republic,12-03-2000
Juan,Lynnitt,jlynnittg8@blogs.com,Male,581-187-3795,Thailand,18-06-1994
Aryn,Slym,aslymg9@patch.com,Female,832-809-0223,Brazil,12-09-1979
Anthe,Powlesland,apowleslandga@aboutads.info,Female,268-592-4686,China,24-02-2000
Livia,Stegers,lstegersgb@bbb.org,Female,808-350-9275,United States,27-06-1956
Sansone,Stapleford,sstaplefordgc@tamu.edu,Male,351-510-0623,Indonesia,09-01-1976
Magdalen,Bovey,mboveygd@unesco.org,Female,926-989-6263,Sudan,04-08-1959
Kati,Cosgrive,kcosgrivege@walmart.com,Female,328-920-5731,Peru,25-02-1975
Ave,Norfolk,anorfolkgf@cmu.edu,Male,554-928-8924,Russia,06-10-1975
Grover,Stegers,gstegersgg@harvard.edu,Genderqueer,861-307-2734,France,12-08-2002
Gabrila,Wheaton,gwheatongh@unesco.org,Female,878-613-9802,South Korea,15-04-1967
Jean,Yellowlee,jyellowleegi@tumblr.com,Male,920-173-2618,China,08-07-1997
Mikaela,Rhymer,mrhymergj@washingtonpost.com,Female,784-170-7867,China,26-09-1963
Webster,Dunthorne,wdunthornegk@hc360.com,Male,688-617-8926,Russia,02-02-1989
Filbert,Geaveny,fgeavenygl@linkedin.com,Male,113-593-1143,Vietnam,28-02-1961
Stevena,Marwood,smarwoodgm@purevolume.com,Female,860-650-8733,Brazil,07-08-1990
Sammy,Fuxman,sfuxmangn@apache.org,Male,535-412-2168,Mongolia,04-08-1960
Gregoire,Denney,gdenneygo@newsvine.com,Male,410-941-1603,France,06-06-1998
Ezra,Raccio,eracciogp@unesco.org,Non-binary,679-529-9104,Indonesia,23-06-1950
Riccardo,Henstone,rhenstonegq@kickstarter.com,Male,754-852-6710,Indonesia,25-09-1969
Tirrell,Cowderoy,tcowderoygr@scientificamerican.com,Male,172-590-3783,Thailand,13-06-1957
Olga,Rault,oraultgs@photobucket.com,Female,405-506-6280,Macedonia,27-05-1971
Jenilee,Hayman,jhaymangt@eepurl.com,Female,375-103-7932,Gambia,25-07-1959
Helenka,Mauro,hmaurogu@timesonline.co.uk,Female,414-570-0547,Peru,20-03-1978
Bette-ann,Strode,bstrodegv@godaddy.com,Female,304-329-5020,China,15-09-1982
Nefen,Linwood,nlinwoodgw@epa.gov,Male,457-674-2402,India,09-01-1982
Stearne,Faulks,sfaulksgx@nba.com,Male,655-211-5413,Tunisia,17-02-1968
Willdon,Ealles,weallesgy@discuz.net,Non-binary,575-882-6385,China,12-07-1986
Alexi,Corking,acorkinggz@comsenz.com,Female,948-436-0182,Indonesia,11-03-1997
Camille,Hyett,chyetth0@yelp.com,Female,914-881-3590,South Africa,05-11-1989
Germaine,Murrow,gmurrowh1@theglobeandmail.com,Male,592-193-5389,Russia,27-03-1969
Emilio,Topping,etoppingh2@parallels.com,Agender,508-716-4947,Finland,08-11-1972
Xymenes,Strangeways,xstrangewaysh3@springer.com,Non-binary,670-925-4791,Indonesia,14-08-1991
Sargent,Saturley,ssaturleyh4@ebay.co.uk,Bigender,423-136-5912,United States,24-04-1962
Hernando,Purcell,hpurcellh5@businesswire.com,Male,924-624-5750,China,16-04-1992
Menard,Guyan,mguyanh6@ft.com,Male,283-231-8542,Bulgaria,30-04-1972
Harman,Marston,hmarstonh7@unc.edu,Male,777-172-0762,Portugal,02-12-1963
Jecho,Wiltshire,jwiltshireh8@google.ca,Male,850-507-5642,Indonesia,17-02-1967
Theresita,Walford,twalfordh9@ask.com,Female,559-778-1338,Panama,16-07-1961
Joel,Saddleton,jsaddletonha@1688.com,Male,892-906-4415,Bangladesh,12-08-1990
Dianna,Hance,dhancehb@ameblo.jp,Female,174-975-6886,Japan,17-07-1997
Alec,Linch,alinchhc@sina.com.cn,Male,124-713-1463,Indonesia,18-05-1963
Licha,Huygen,lhuygenhd@google.co.uk,Female,110-514-4941,Indonesia,28-12-1996
Nilson,Lisle,nlislehe@usa.gov,Male,386-207-2129,Sweden,06-11-1973
Pascal,Badgers,pbadgershf@privacy.gov.au,Male,652-921-4367,South Korea,29-03-1983
Mallory,Vanstone,mvanstonehg@google.com.au,Male,101-957-0401,China,02-02-1974
Nathalie,Broadberrie,nbroadberriehh@yellowbook.com,Agender,198-737-2395,Netherlands,16-01-1961
Clevie,McRinn,cmcrinnhi@berkeley.edu,Male,551-532-1386,China,14-07-1999
Bibbye,Ollerton,bollertonhj@latimes.com,Female,130-296-5551,Palestinian Territory,24-08-1965
Renaud,Fant,rfanthk@europa.eu,Male,482-368-8463,Afghanistan,30-10-1994
Kip,Grievson,kgrievsonhl@blogspot.com,Male,139-529-3843,Vietnam,21-11-1965
Shani,Larmouth,slarmouthhm@lycos.com,Female,466-552-5206,China,26-09-1983
Zared,Filtness,zfiltnesshn@blinklist.com,Male,178-458-6821,Papua New Guinea,02-09-1973
Adda,Schrinel,aschrinelho@amazon.co.jp,Female,524-814-7490,Indonesia,05-11-1978
Roana,Gemmill,rgemmillhp@yahoo.com,Female,157-922-0336,Indonesia,12-10-1973
Tomlin,Hinge,thingehq@gravatar.com,Non-binary,893-115-6682,Philippines,01-09-1953
Goraud,Lushey,glusheyhr@google.com.au,Male,590-621-0288,Indonesia,08-11-2000
Guss,Bowdidge,gbowdidgehs@oaic.gov.au,Male,315-432-6498,Thailand,25-08-1987
Idell,Childrens,ichildrensht@gmpg.org,Non-binary,585-955-9148,China,02-04-1979
Darcy,Cufley,dcufleyhu@google.ca,Male,551-991-0769,Afghanistan,04-11-2001
Lucian,Godding,lgoddinghv@un.org,Male,289-684-9669,China,21-01-1961
Karon,Dufer,kduferhw@google.com.au,Female,144-745-0038,Argentina,21-09-1976
Alister,Sawell,asawellhx@arstechnica.com,Male,360-948-8979,Portugal,24-05-1996
Rudolph,Aven,ravenhy@parallels.com,Male,447-154-4649,Reunion,02-09-1952
Rosmunda,Kells,rkellshz@gnu.org,Female,316-804-3249,United States,16-05-1975
Nicolle,Attrie,nattriei0@stumbleupon.com,Female,946-722-8433,Czech Republic,03-03-1990
Goldia,Hollyer,ghollyeri1@tiny.cc,Female,354-180-5906,Philippines,20-01-1986
Giovanni,Hyland,ghylandi2@sciencedirect.com,Male,363-498-1413,Tunisia,04-01-1966
Myrwyn,Handmore,mhandmorei3@europa.eu,Male,214-653-7292,Russia,31-03-1994
Lon,Longthorne,llongthornei4@slashdot.org,Male,917-298-2675,Poland,29-08-1985
Diego,Thaim,dthaimi5@vinaora.com,Male,965-407-1343,Finland,21-07-1989
Georgetta,Embling,gemblingi6@altervista.org,Female,558-552-7956,Syria,11-02-1974
Forster,O'Connell,foconnelli7@parallels.com,Male,419-523-4228,United States,18-02-1953
Tobin,Syrett,tsyretti8@cbslocal.com,Male,948-897-2988,China,14-12-1993
Israel,Brockie,ibrockiei9@newyorker.com,Male,499-467-8532,Indonesia,28-07-1988
Morris,Eldon,meldonia@prlog.org,Male,481-885-6302,Poland,14-11-1998
Alexio,Grosvener,agrosvenerib@symantec.com,Male,719-203-7014,Indonesia,29-02-1960
Lorine,Sifleet,lsifleetic@yellowpages.com,Female,808-460-0883,East Timor,25-11-1986
Sharona,Cohr,scohrid@wiley.com,Female,728-652-6331,Brazil,18-06-2002
Prudi,Papez,ppapezie@behance.net,Female,697-269-2485,Moldova,28-11-1953
Dennis,Cramphorn,dcramphornif@drupal.org,Male,678-728-7122,Japan,29-08-1996
Hunfredo,Dyas,hdyasig@ycombinator.com,Male,393-874-0150,Syria,26-11-1995
Janet,Comrie,jcomrieih@homestead.com,Female,895-610-4461,Colombia,01-10-2001
Gunar,Petriello,gpetrielloii@europa.eu,Male,732-584-7080,Brazil,22-03-1979
Babbie,Gingel,bgingelij@ameblo.jp,Female,662-737-2734,Ukraine,15-09-1991
Tobe,Koppeck,tkoppeckik@usgs.gov,Male,683-251-6549,China,30-06-1971
Abbot,Heaven,aheavenil@edublogs.org,Male,604-716-7414,China,14-02-1981
Rosabella,Tarry,rtarryim@stumbleupon.com,Female,440-971-5776,Kosovo,23-09-1957
Alexandros,Giannotti,agiannottiin@ucoz.ru,Male,555-138-8965,Djibouti,27-05-1962
Shayne,Hansemann,shansemannio@desdev.cn,Male,103-746-9252,France,16-03-1988
Micheil,Easby,measbyip@angelfire.com,Male,873-732-7911,Portugal,27-10-1977
Fairleigh,Ruthen,frutheniq@vinaora.com,Genderfluid,964-793-0410,Peru,06-05-1971
Stacee,Arnaldy,sarnaldyir@vinaora.com,Female,712-822-6699,Philippines,20-04-1969
Randolf,Dunge,rdungeis@yale.edu,Genderfluid,987-795-9747,Philippines,29-10-1962
Mic,Ireson,miresonit@hatena.ne.jp,Male,260-262-5091,United States,10-11-1973
Angelica,Caldwall,acaldwalliu@phpbb.com,Female,188-953-5470,China,24-02-1966
Gaspar,Mansion,gmansioniv@deliciousdays.com,Male,652-984-0133,Poland,13-10-1961
Betteann,Iozefovich,biozefovichiw@bizjournals.com,Female,144-851-2227,Indonesia,14-10-1963
Carley,Halward,chalwardix@sciencedirect.com,Female,676-324-0579,Serbia,22-01-1977
Sharon,Stockle,sstockleiy@nhs.uk,Female,423-939-0226,Philippines,05-09-1992
Dorene,Wiltshire,dwiltshireiz@accuweather.com,Genderfluid,112-165-9495,Nigeria,06-01-1979
Dawna,Lebbon,dlebbonj0@cdc.gov,Female,613-826-2590,Sweden,25-11-1971
Alfi,Herche,aherchej1@timesonline.co.uk,Female,631-201-2067,Colombia,27-05-1966
Kikelia,Vaudrey,kvaudreyj2@w3.org,Female,197-242-5377,Czech Republic,12-07-1986
Jedidiah,Gall,jgallj3@vistaprint.com,Male,759-283-9392,Japan,15-02-1984
Donica,Kendred,dkendredj4@state.tx.us,Non-binary,636-874-2785,Russia,12-03-1985
Ettore,Teck,eteckj5@hexun.com,Male,586-995-4752,Kazakhstan,29-09-1976
Theodore,Dighton,tdightonj6@chron.com,Male,911-646-7970,Czech Republic,16-03-1972
Gregg,Phidgin,gphidginj7@phoca.cz,Male,745-252-1902,Poland,01-12-1956
Eugene,McMonnies,emcmonniesj8@wisc.edu,Male,130-528-2082,Ukraine,11-01-1971
Sabina,Frift,sfriftj9@furl.net,Female,298-153-6297,Portugal,16-08-1972
Scott,Langrish,slangrishja@businessweek.com,Male,504-712-3786,Poland,14-08-1963
Felike,Flintoff,fflintoffjb@hhs.gov,Male,791-989-0300,Tanzania,20-06-1974
Iorgos,Arendsen,iarendsenjc@topsy.com,Male,114-618-3026,China,13-05-1965
Verna,Keggin,vkegginjd@yellowbook.com,Female,521-322-5894,Greece,07-04-1973
Kristin,Ellerey,kellereyje@shareasale.com,Bigender,553-901-9647,Russia,04-01-1966
Liuka,Pidgeon,lpidgeonjf@reference.com,Female,954-199-4679,United Arab Emirates,27-03-1990
Clint,Bachellier,cbachellierjg@123-reg.co.uk,Male,304-991-4475,Morocco,20-03-1962
Alta,Monini,amoninijh@blogger.com,Female,319-917-7173,Peru,28-07-1962
Temple,Donnersberg,tdonnersbergji@patch.com,Male,720-178-2187,Bosnia and Herzegovina,08-04-1966
Ted,Sole,tsolejj@gnu.org,Female,330-243-5839,China,16-03-1955
Dyanna,Bridgement,dbridgementjk@theglobeandmail.com,Female,204-152-3042,China,25-05-1997
Charisse,Mattingly,cmattinglyjl@cornell.edu,Female,513-760-6361,China,26-04-1950
Orelee,Hugnot,ohugnotjm@cocolog-nifty.com,Female,421-394-5672,South Africa,02-03-1973
Mariellen,Whife,mwhifejn@i2i.jp,Female,770-676-3618,Poland,12-07-1983
Pepe,Izod,pizodjo@slideshare.net,Genderqueer,252-577-0207,Honduras,24-10-1957
Lidia,Enderlein,lenderleinjp@tumblr.com,Genderfluid,108-712-1664,Japan,16-03-1954
Grete,Conybear,gconybearjq@reverbnation.com,Genderfluid,707-969-8013,Ireland,11-08-1988
Goober,Yeudall,gyeudalljr@people.com.cn,Male,193-622-2945,Yemen,01-10-1997
Geraldine,McSparran,gmcsparranjs@ycombinator.com,Female,766-858-6697,Ireland,23-12-1970
Bogart,Gelderd,bgelderdjt@newsvine.com,Bigender,326-931-0781,Philippines,26-07-2001
Johnna,Tynewell,jtynewellju@discuz.net,Female,924-402-9792,Poland,29-12-1999
Klara,De Bernardi,kdebernardijv@irs.gov,Female,514-550-6629,Indonesia,16-08-1999
Clint,Putterill,cputterilljw@360.cn,Male,237-367-9109,Czech Republic,08-06-1957
Querida,Sunners,qsunnersjx@rakuten.co.jp,Female,106-670-1789,China,16-02-1988
Marilin,Edscer,medscerjy@artisteer.com,Female,685-418-8453,China,04-07-1993
Wynn,Marlor,wmarlorjz@booking.com,Male,330-623-6296,Finland,23-02-1965
Drucy,Brum,dbrumk0@theguardian.com,Female,455-266-2639,Indonesia,01-06-1960
Emmit,Pawelek,epawelekk1@booking.com,Male,842-945-4308,China,04-07-1990
Rick,Treleven,rtrelevenk2@reddit.com,Male,273-911-1598,Mexico,23-04-2000
Charyl,Gerasch,cgeraschk3@xinhuanet.com,Female,823-786-3322,Sweden,03-01-1989
Hartwell,Lewsy,hlewsyk4@phpbb.com,Male,404-521-2356,Albania,22-11-1961
Donni,Matuschek,dmatuschekk5@artisteer.com,Female,277-434-3227,Zambia,01-06-1973
Ferdinand,Fifoot,ffifootk6@webmd.com,Male,325-798-9480,Bosnia and Herzegovina,08-12-1991
Georgie,Frisby,gfrisbyk7@goo.ne.jp,Female,667-399-2422,Russia,16-02-1993
Guenna,Chessel,gchesselk8@networksolutions.com,Female,220-621-1780,Portugal,06-07-1997
Hanan,Leyson,hleysonk9@cbsnews.com,Male,757-646-9990,Pakistan,25-08-1955
Aluino,Cabedo,acabedoka@chron.com,Male,234-364-7187,Bosnia and Herzegovina,14-12-1994
Rahel,Fishe,rfishekb@histats.com,Female,130-458-4005,Azerbaijan,07-12-1993
Tobiah,Forsdicke,tforsdickekc@thetimes.co.uk,Male,310-543-4649,Poland,04-01-1960
Irvin,Chalder,ichalderkd@mashable.com,Male,276-713-3606,China,09-12-1955
Denis,Wolsey,dwolseyke@adobe.com,Male,210-272-4162,Dominican Republic,27-01-1983
Justis,Cazin,jcazinkf@stanford.edu,Male,444-892-0723,Norway,29-11-1951
Kevina,Stratz,kstratzkg@tamu.edu,Female,496-879-1373,Ukraine,30-05-1970
Josias,Greatland,jgreatlandkh@sciencedaily.com,Male,900-990-9728,China,25-02-1960
Paulina,Sheardown,psheardownki@ox.ac.uk,Female,928-993-2785,Indonesia,14-12-1977
Idell,Maffi,imaffikj@nasa.gov,Female,610-844-9462,Taiwan,23-08-1964
Matthiew,Spyby,mspybykk@fda.gov,Male,156-754-3366,Indonesia,18-10-1981
Bertha,Zisneros,bzisneroskl@rediff.com,Female,619-425-2414,United States,05-03-1978
Teodor,Astridge,tastridgekm@statcounter.com,Male,395-421-7588,China,29-03-1984
Hart,Ireson,hiresonkn@examiner.com,Non-binary,158-402-5068,Mongolia,09-03-1982
Husain,Feechum,hfeechumko@telegraph.co.uk,Male,588-517-1886,Russia,12-06-1966
Saree,Gilbody,sgilbodykp@jiathis.com,Female,251-150-6067,Argentina,18-12-1981
Merrili,Tetther,mtettherkq@ycombinator.com,Female,304-653-4308,Pakistan,15-12-1983
Malinda,Espy,mespykr@apache.org,Female,949-614-7785,Indonesia,11-11-1978
Carole,Tring,ctringks@plala.or.jp,Female,626-225-7110,Mauritius,18-01-1967
Arliene,Philippson,aphilippsonkt@skyrock.com,Female,396-146-5881,China,20-09-1959
Toby,Gwillym,tgwillymku@360.cn,Male,355-480-9577,China,20-08-2001
Torrin,Chate,tchatekv@purevolume.com,Agender,827-812-7125,Sweden,02-06-1962
Dee dee,Jancar,djancarkw@vkontakte.ru,Female,739-143-3859,Portugal,22-04-1953
Nikita,Olczyk,nolczykkx@samsung.com,Male,539-856-9432,France,27-09-1996
Liana,Witheridge,lwitheridgeky@sciencedaily.com,Female,862-111-7590,United States,19-12-1990
Beryle,Lenden,blendenkz@networkadvertising.org,Female,618-450-5855,Finland,13-11-1992
Mendy,Loachhead,mloachheadl0@digg.com,Male,489-889-6385,Sweden,14-11-1987
Angie,Jobson,ajobsonl1@amazon.com,Female,533-263-1523,China,16-10-1950
Duffie,Taysbil,dtaysbill2@sitemeter.com,Male,317-718-9597,Russia,27-04-1997
Robinson,Lillyman,rlillymanl3@china.com.cn,Male,720-908-2158,Croatia,14-01-1964
Toiboid,Alabastar,talabastarl4@independent.co.uk,Male,958-324-0187,Ireland,26-02-1960
Joceline,Lamar,jlamarl5@amazon.com,Female,126-548-1264,Libya,23-12-1976
Ivan,Blakden,iblakdenl6@ovh.net,Male,778-530-4673,France,22-02-1955
Skipper,Silverman,ssilvermanl7@java.com,Male,199-494-3364,Poland,12-10-1991
Dev,Spur,dspurl8@deliciousdays.com,Non-binary,426-239-4289,Slovenia,17-01-1992
Ambrosius,Tearle,atearlel9@mediafire.com,Male,996-464-2825,Czech Republic,11-10-1950
Dulcinea,Cumberland,dcumberlandla@unblog.fr,Female,155-982-5275,Portugal,01-09-1980
Clive,Eason,ceasonlb@upenn.edu,Male,880-390-8193,Vietnam,01-12-1982
Elana,Tretwell,etretwelllc@hao123.com,Female,598-269-1628,China,30-05-1963
Serene,Beaudry,sbeaudryld@photobucket.com,Female,727-524-5224,Latvia,26-01-1975
Helene,Pouck,hpouckle@friendfeed.com,Polygender,519-647-0479,China,17-05-1999
Gaspar,Collibear,gcollibearlf@4shared.com,Male,255-351-9920,Sweden,07-04-1955
Gregoire,Seneschal,gseneschallg@pagesperso-orange.fr,Male,698-684-9841,Andorra,23-07-1980
Carrissa,Izhakov,cizhakovlh@goodreads.com,Female,645-177-0572,Azerbaijan,28-07-1969
Roi,Vaughan,rvaughanli@businessweek.com,Male,139-113-9264,China,17-08-2000
Adriana,Rainton,araintonlj@usatoday.com,Female,903-758-0576,Brazil,19-01-1954
Tova,Beagles,tbeagleslk@chron.com,Female,624-146-0391,Ukraine,29-04-2001
Janaye,Coathup,jcoathupll@w3.org,Bigender,983-504-1336,Indonesia,02-09-1994
Magnum,Piotrowski,mpiotrowskilm@usa.gov,Male,791-668-1479,China,29-12-1955
Muhammad,Biasi,mbiasiln@google.ru,Non-binary,227-947-6537,Thailand,20-10-1996
Ginnie,Getley,ggetleylo@about.me,Female,313-674-9619,Philippines,13-02-1992
Aprilette,Koubu,akoubulp@discovery.com,Female,438-643-1099,Canada,14-05-1973
Doy,Pointin,dpointinlq@addtoany.com,Male,519-549-7123,China,24-07-1977
Husain,Martijn,hmartijnlr@aol.com,Male,155-628-5040,Thailand,04-04-1974
Rowland,Armatys,rarmatysls@fastcompany.com,Male,357-638-0509,Colombia,16-02-1990
Jemmie,Conneau,jconneault@vistaprint.com,Female,538-338-9147,Peru,07-01-1999
Anastasie,Pimer,apimerlu@google.it,Female,374-818-4442,Ukraine,27-07-1989
Eddy,Durdy,edurdylv@amazonaws.com,Female,391-887-2695,Sri Lanka,29-07-1983
Kathe,Beran,kberanlw@pcworld.com,Female,710-660-4646,Albania,17-08-1978
Florida,O'Nolan,fonolanlx@live.com,Genderfluid,360-693-1806,Vietnam,17-09-1992
Roxane,Pessel,rpesselly@facebook.com,Non-binary,157-383-5545,Nigeria,25-03-1989
Garfield,Seleway,gselewaylz@deviantart.com,Male,140-945-7716,Vietnam,12-05-1989
Yolande,Trice,ytricem0@spotify.com,Female,271-466-1122,Argentina,04-02-1966
Mariellen,Brunroth,mbrunrothm1@posterous.com,Female,245-917-8428,Brazil,30-05-1958
Vincenty,Stonestreet,vstonestreetm2@blog.com,Male,952-283-9562,Brazil,13-10-1971
Edik,Marke,emarkem3@dagondesign.com,Male,550-445-6527,China,16-12-1956
Salvidor,Donan,sdonanm4@zimbio.com,Male,507-720-3838,Cameroon,02-12-1987
Fletch,Farnhill,ffarnhillm5@rambler.ru,Male,359-503-6193,China,01-02-1987
Kathrine,Ebenezer,kebenezerm6@irs.gov,Female,752-700-8392,China,23-10-1963
Frayda,McTrustey,fmctrusteym7@wisc.edu,Female,194-522-7542,Colombia,05-08-1968
Darlleen,MacGuiness,dmacguinessm8@w3.org,Female,276-662-6677,Vietnam,12-02-1971
Rowney,Armsby,rarmsbym9@bloglovin.com,Male,149-514-3524,Ukraine,19-04-1969
Onfroi,Croxton,ocroxtonma@examiner.com,Male,582-361-2626,China,12-04-1971
Elspeth,Attewell,eattewellmb@mashable.com,Female,339-969-1809,Russia,20-08-1982
Flora,Coleby,fcolebymc@theglobeandmail.com,Female,690-938-5533,China,03-10-1974
Auberon,Chettle,achettlemd@nhs.uk,Male,918-262-0148,China,30-11-1986
Vidovic,Jochens,vjochensme@usda.gov,Male,989-922-8459,Portugal,03-01-1954
Gina,Mallaby,gmallabymf@discovery.com,Female,998-587-1780,Serbia,09-01-1957
Rene,Trodden,rtroddenmg@tuttocitta.it,Female,927-809-7347,China,16-07-1961
Evangelina,Sterricks,esterricksmh@howstuffworks.com,Female,190-970-5832,Argentina,09-07-1954
Levy,Arrandale,larrandalemi@zimbio.com,Male,801-338-8539,Indonesia,30-06-1968
Erskine,Filshin,efilshinmj@dagondesign.com,Bigender,369-495-8928,China,18-09-1999
Gray,Sunner,gsunnermk@trellian.com,Male,997-222-1464,Mexico,25-07-1961
Cortney,Skeermor,cskeermorml@epa.gov,Female,770-883-9723,China,18-12-1975
Aubine,Woliter,awolitermm@shinystat.com,Genderqueer,912-907-2934,Bolivia,22-02-1951
Birgitta,Huguet,bhuguetmn@sciencedaily.com,Female,647-258-1746,Armenia,11-10-1998
Jaquelin,Fagg,jfaggmo@nhs.uk,Female,254-554-0008,Japan,31-10-1979
Zebadiah,Moncreiff,zmoncreiffmp@prnewswire.com,Male,158-114-3217,Philippines,22-08-1978
Cosette,Vigours,cvigoursmq@reference.com,Female,465-476-6971,China,29-03-1968
Rose,Poncet,rponcetmr@zimbio.com,Female,344-566-6749,Philippines,24-10-1950
Dud,Huby,dhubyms@kickstarter.com,Genderqueer,827-451-2879,Indonesia,04-08-1954
Hasty,Bremond,hbremondmt@vinaora.com,Male,671-254-7359,China,15-12-1986
Pembroke,Boullen,pboullenmu@angelfire.com,Male,664-228-8651,Russia,10-10-1990
Darrel,Rodolphe,drodolphemv@imdb.com,Non-binary,838-725-1989,Brazil,26-10-1992
Maurice,McGeechan,mmcgeechanmw@baidu.com,Genderfluid,174-136-1737,Indonesia,19-04-1957
Manya,Leming,mlemingmx@home.pl,Female,610-482-2904,Cameroon,27-08-1972
Adler,Tampling,atamplingmy@scribd.com,Male,973-439-1304,Poland,31-12-1980
Flin,Matschke,fmatschkemz@alexa.com,Male,371-156-6126,Cuba,03-08-1952
Joletta,McKean,jmckeann0@joomla.org,Female,202-182-6137,United States,29-06-1978
Kirsteni,Ickovits,kickovitsn1@wired.com,Female,266-741-0940,Russia,15-07-1974
Ibby,Bamlett,ibamlettn2@ibm.com,Female,896-854-9563,Lithuania,06-06-1972
Klement,Hulks,khulksn3@intel.com,Male,724-390-6514,Tunisia,11-08-1993
Ramsay,Van Vuuren,rvanvuurenn4@surveymonkey.com,Male,428-543-3724,Mexico,16-06-1954
Arielle,Tritten,atrittenn5@geocities.jp,Female,518-922-5501,China,20-08-1970
Clem,Arkley,carkleyn6@yandex.ru,Female,204-171-6712,Brazil,12-08-1970
Loleta,Mattersey,lmatterseyn7@yahoo.com,Female,530-939-3134,Russia,19-03-1985
Rabi,Kidwell,rkidwelln8@jugem.jp,Male,812-275-4243,China,05-06-1960
Biddie,Elgie,belgien9@wisc.edu,Female,638-676-6664,China,22-02-2002
Keri,Glentworth,kglentworthna@comsenz.com,Female,763-751-9064,Liberia,17-12-1978
Graham,Antusch,gantuschnb@sfgate.com,Male,645-164-3155,Indonesia,24-02-2000
Granthem,Drysdale,gdrysdalenc@devhub.com,Male,922-105-5760,China,29-06-1963
Thatcher,Peetermann,tpeetermannnd@cargocollective.com,Male,708-633-6517,France,13-10-1960
Michaela,Kimmitt,mkimmittne@narod.ru,Female,176-319-6050,Serbia,13-08-1999
Rodrigo,Commusso,rcommussonf@netscape.com,Male,366-112-8953,Philippines,08-09-1959
Genovera,Penrice,gpenriceng@ehow.com,Female,657-253-0323,Philippines,17-02-1962
Yettie,Cammis,ycammisnh@sourceforge.net,Female,997-108-0895,China,06-05-1952
Catlin,Styles,cstylesni@opera.com,Female,482-977-5552,Greece,06-10-1985
Brewer,de Vaen,bdevaennj@sourceforge.net,Male,247-936-2969,China,21-05-1982
Eddy,McManamen,emcmanamennk@vimeo.com,Female,929-893-4303,Philippines,31-05-1996
Byran,Paylor,bpaylornl@yandex.ru,Male,534-522-5176,French Guiana,21-06-1971
Lauryn,Gregorio,lgregorionm@ted.com,Female,824-476-4119,China,27-03-1988
Tally,Kunert,tkunertnn@ask.com,Female,616-116-6111,China,24-03-1968
Yorgo,Mauvin,ymauvinno@jugem.jp,Male,211-266-3163,Indonesia,16-05-2002
Orren,Shearsby,oshearsbynp@e-recht24.de,Male,835-102-6209,China,08-05-1982
Krisha,Berkery,kberkerynq@springer.com,Male,273-790-4210,Colombia,22-12-1981
Tully,Paz,tpaznr@slideshare.net,Male,878-108-8950,Ukraine,11-04-1954
Cad,Backhouse,cbackhousens@sun.com,Male,243-522-2597,Palestinian Territory,30-06-1966
Robin,Wyvill,rwyvillnt@marketwatch.com,Male,135-891-7136,Nigeria,17-11-1959
Giraldo,Woodfield,gwoodfieldnu@godaddy.com,Male,599-175-3580,Japan,20-09-1956
Ansel,Kubacek,akubaceknv@accuweather.com,Male,165-491-5419,China,06-05-1990
Blythe,Bullingham,bbullinghamnw@omniture.com,Female,705-899-9652,Bangladesh,06-05-1956
Lorrin,Freemantle,lfreemantlenx@so-net.ne.jp,Female,195-789-3401,Indonesia,13-02-1997
Cortney,Vittery,cvitteryny@reverbnation.com,Female,842-777-3416,Chad,03-10-1951
Kim,Lewin,klewinnz@icq.com,Male,450-468-2887,Malaysia,04-09-1970
Ailey,Careless,acarelesso0@skyrock.com,Female,977-628-9410,Croatia,07-08-1993
Townsend,Lynskey,tlynskeyo1@yahoo.co.jp,Male,221-707-0277,China,12-07-1986
Anthe,Langmead,alangmeado2@squidoo.com,Female,590-961-1295,Bangladesh,23-10-1978
Mirabel,Kingwell,mkingwello3@telegraph.co.uk,Female,287-197-8512,Comoros,16-08-1961
Gordon,Windross,gwindrosso4@yellowbook.com,Male,851-294-3706,Philippines,15-02-1991
Thayne,Eringey,teringeyo5@bigcartel.com,Male,472-323-9752,Sudan,03-07-1966
Rosanna,Darlaston,rdarlastono6@cmu.edu,Female,751-785-9290,Malta,20-12-1978
Deloris,Latan,dlatano7@nhs.uk,Female,402-577-9273,Thailand,09-01-1997
Roslyn,Tucknott,rtucknotto8@devhub.com,Female,982-778-9566,Thailand,26-10-1983
Lola,Roma,lromao9@businessweek.com,Female,337-706-7692,Indonesia,27-08-1958
Irving,Abramson,iabramsonoa@1688.com,Male,779-586-4936,China,02-04-1984
Langsdon,Baumann,lbaumannob@blogspot.com,Genderfluid,476-227-8885,Philippines,04-08-1965
Peterus,Shelp,pshelpoc@printfriendly.com,Male,529-178-1944,Latvia,07-11-1980
Dana,Donnan,ddonnanod@loc.gov,Female,854-523-8733,Philippines,17-04-1989
Vicki,Bortolozzi,vbortolozzioe@msu.edu,Female,112-886-4012,Yemen,18-07-2002
Dominick,Hoofe,dhoofeof@cnet.com,Male,858-895-1555,Norway,16-09-1970
Seline,Mitskevich,smitskevichog@springer.com,Female,972-155-4980,Bolivia,20-05-1966
Rena,Farrears,rfarrearsoh@msn.com,Female,626-904-4081,Somalia,24-10-1981
Grier,Pandey,gpandeyoi@123-reg.co.uk,Female,628-381-5467,Russia,06-10-1955
Chevalier,Sherr,csherroj@imdb.com,Male,982-436-8030,Poland,27-05-1967
Cris,Hessenthaler,chessenthalerok@merriam-webster.com,Male,310-733-1293,China,26-11-1954
Dimitri,Perico,dpericool@youtube.com,Male,900-996-4395,Indonesia,13-02-1995
Darla,Kleynermans,dkleynermansom@linkedin.com,Female,294-276-5697,Indonesia,08-04-1974
Reggy,Hourahan,rhourahanon@vistaprint.com,Male,417-949-2745,Philippines,30-06-2001
Melita,Bridgeman,mbridgemanoo@walmart.com,Female,174-302-2251,Vietnam,18-06-1975
Yanaton,Pattrick,ypattrickop@tinypic.com,Genderqueer,546-197-2292,China,11-01-1957
Griffith,Norris,gnorrisoq@mediafire.com,Male,312-228-2941,Pakistan,31-10-1981
Dulci,Rubinlicht,drubinlichtor@mac.com,Female,840-610-1471,Peru,03-06-1998
Linda,Kleinhaus,lkleinhausos@artisteer.com,Female,278-209-3680,China,13-10-1995
Cathleen,Marling,cmarlingot@imageshack.us,Female,328-782-2595,Turkmenistan,25-07-1973
Ara,Dewsnap,adewsnapou@zdnet.com,Male,288-747-0933,Kazakhstan,18-05-1968
Pace,Wardrop,pwardropov@paginegialle.it,Male,340-797-1343,Indonesia,08-03-1956
Care,Dooly,cdoolyow@geocities.com,Male,241-393-1969,Indonesia,10-10-1968
Jocelyne,Sylett,jsylettox@51.la,Female,434-273-7774,Botswana,08-03-1999
Aube,Akitt,aakittoy@stumbleupon.com,Male,351-645-6905,China,30-05-1974
Drucill,Kolinsky,dkolinskyoz@facebook.com,Female,246-684-7552,Nicaragua,25-02-2001
Jereme,Mularkey,jmularkeyp0@4shared.com,Male,784-508-7815,Aruba,10-12-1964
Roy,Rought,rroughtp1@e-recht24.de,Male,157-945-8209,Botswana,18-06-1957
Karil,Corbitt,kcorbittp2@blogger.com,Female,688-573-7605,Indonesia,20-12-1973
Raquela,Japp,rjappp3@vk.com,Female,217-910-4099,Spain,15-07-1981
Audy,Banbury,abanburyp4@archive.org,Female,384-541-8781,Ukraine,17-03-1954
Jasper,Liggons,jliggonsp5@time.com,Male,670-579-5474,China,25-11-1957
Franciska,Garnall,fgarnallp6@webnode.com,Female,687-902-3089,China,30-09-1965
Kenton,Milton,kmiltonp7@purevolume.com,Male,477-591-1115,Indonesia,29-10-1978
Corney,Gorelli,cgorellip8@zimbio.com,Male,452-594-6177,Venezuela,04-11-1984
Cirilo,Over,coverp9@fastcompany.com,Male,737-302-4722,China,26-12-1966
Glenn,McTear,gmctearpa@ustream.tv,Male,733-643-9525,Indonesia,18-02-1961
Nomi,Baike,nbaikepb@wordpress.com,Female,555-988-7002,Sweden,26-07-2002
Glennie,Minty,gmintypc@berkeley.edu,Female,750-823-2385,Poland,08-08-1970
Caesar,Isaacson,cisaacsonpd@i2i.jp,Male,385-356-7041,Poland,29-10-1955
Giles,Aristide,garistidepe@github.io,Male,914-812-4503,Philippines,30-01-1957
Michal,Snoddy,msnoddypf@simplemachines.org,Male,375-414-2702,Finland,31-07-1990
Orbadiah,Giacobazzi,ogiacobazzipg@noaa.gov,Male,976-560-1460,Bulgaria,31-01-1980
Corinna,Blurton,cblurtonph@tinypic.com,Female,523-793-7505,China,21-05-1968
Randa,Duffy,rduffypi@usnews.com,Female,875-196-1712,Panama,02-03-1970
Hubert,Brenstuhl,hbrenstuhlpj@indiegogo.com,Male,986-235-1474,Paraguay,10-12-1989
Gaye,Salvador,gsalvadorpk@vistaprint.com,Female,104-631-7212,China,14-12-1969
Catlaina,Neillans,cneillanspl@cdbaby.com,Female,813-541-7240,Argentina,25-12-1980
Antoine,Cressey,acresseypm@wikispaces.com,Male,573-308-3456,Mongolia,06-12-1966
Major,Whaley,mwhaleypn@ox.ac.uk,Male,710-503-6582,Bolivia,16-02-1951
Yorker,Saundercock,ysaundercockpo@about.com,Non-binary,737-506-7995,Togo,26-08-1964
Abra,Seal,asealpp@shareasale.com,Bigender,641-607-6387,China,01-11-1983
Hugues,Emmerson,hemmersonpq@reuters.com,Male,871-256-7946,Philippines,14-02-1981
Constantine,Venn,cvennpr@newsvine.com,Male,916-352-1227,Ukraine,05-02-1992
Orland,Vanderplas,ovanderplasps@pbs.org,Male,349-599-0680,Sweden,19-09-1998
Baillie,Hallbord,bhallbordpt@51.la,Male,858-852-9968,Russia,16-02-1951
Arabele,Vooght,avooghtpu@hubpages.com,Female,308-257-2642,Russia,25-12-1987
Zitella,Paffot,zpaffotpv@cornell.edu,Female,692-222-4932,Indonesia,03-11-1962
Odetta,Anan,oananpw@infoseek.co.jp,Female,895-553-1781,Ukraine,22-12-1972
Chilton,Renad,crenadpx@chicagotribune.com,Male,794-563-1054,Philippines,07-01-1989
Delmar,Blodgetts,dblodgettspy@smh.com.au,Male,434-258-1246,Nigeria,06-07-1996
Bentlee,Osbourne,bosbournepz@upenn.edu,Male,788-580-1466,Greece,20-07-1958
Adriaens,Kalkhoven,akalkhovenq0@cloudflare.com,Female,675-890-6092,Philippines,16-06-1989
Christine,Bodley,cbodleyq1@cbsnews.com,Female,237-475-8086,Indonesia,03-12-1986
Aldon,Arniz,aarnizq2@scientificamerican.com,Male,414-787-9823,Sri Lanka,18-08-1968
Rosemonde,Russel,rrusselq3@wufoo.com,Female,803-686-8696,Portugal,28-07-1966
Christan,Birkmyre,cbirkmyreq4@npr.org,Female,816-323-7275,China,16-03-1971
Pierce,Di Bartolommeo,pdibartolommeoq5@state.tx.us,Male,571-285-5387,Gambia,03-05-1960
Luke,Hazelhurst,lhazelhurstq6@bing.com,Male,775-615-0877,Brazil,05-09-1981
Holly,Burds,hburdsq7@miibeian.gov.cn,Male,110-910-9112,Poland,01-08-1985
Appolonia,Sloam,asloamq8@ow.ly,Female,755-633-7297,Poland,13-04-1959
Bird,Halsey,bhalseyq9@auda.org.au,Female,373-484-7550,Palestinian Territory,18-06-1991
Regen,Gales,rgalesqa@tripod.com,Male,552-407-6981,Argentina,25-05-1977
Ashbey,Ragg,araggqb@wix.com,Male,732-626-0094,Sweden,26-02-1975
Letisha,Philippeaux,lphilippeauxqc@mashable.com,Female,922-879-0212,Argentina,17-03-1951
Jacqui,Crocket,jcrocketqd@ox.ac.uk,Female,129-170-4901,Indonesia,24-10-1985
Brandice,Newbold,bnewboldqe@symantec.com,Genderfluid,485-240-5084,South Korea,14-02-1982
Putnem,Turbitt,pturbittqf@ifeng.com,Male,572-780-6018,Poland,13-11-1976
Ariel,Kaminski,akaminskiqg@intel.com,Female,511-550-2202,Indonesia,29-10-1960
Udell,Fabbri,ufabbriqh@xinhuanet.com,Male,763-972-8331,Western Sahara,05-10-1986
Nichole,Buckhurst,nbuckhurstqi@narod.ru,Male,744-350-9353,China,15-02-1956
Curry,Carlozzi,ccarlozziqj@amazon.com,Male,386-296-4908,China,09-10-1985
Annalise,Cullimore,acullimoreqk@phpbb.com,Female,150-706-4745,Armenia,23-10-1966
Janeczka,Corley,jcorleyql@toplist.cz,Female,378-975-4077,China,27-03-1985
Kelcy,Kohneke,kkohnekeqm@walmart.com,Polygender,208-114-3616,Nigeria,09-10-1969
Kali,Betterton,kbettertonqn@free.fr,Female,975-709-8702,China,18-07-1981
Nerti,Dayer,ndayerqo@state.tx.us,Female,313-703-4476,Indonesia,01-08-1967
Feodora,Cobbin,fcobbinqp@bloglovin.com,Female,705-945-3791,Bahamas,26-11-1997
Sibilla,Harrow,sharrowqq@taobao.com,Female,649-291-7940,Czech Republic,30-07-1997
Carmel,Riddler,criddlerqr@surveymonkey.com,Female,441-523-9469,Guatemala,02-08-1980
Holly,O'Calleran,hocalleranqs@state.tx.us,Male,194-153-8186,Armenia,22-07-1989
Walliw,Briamo,wbriamoqt@usgs.gov,Female,317-389-4701,United States,29-09-1971
Laurene,Going,lgoingqu@reuters.com,Female,900-408-7022,China,01-09-1988
Sherilyn,Rickerby,srickerbyqv@yahoo.co.jp,Female,486-661-2713,Russia,23-09-1954
Filippa,Fincken,ffinckenqw@phoca.cz,Female,344-733-3651,Albania,21-04-1955
Hoebart,Cuardall,hcuardallqx@mail.ru,Male,850-357-0815,Ukraine,04-06-1961
Sheff,Arrighetti,sarrighettiqy@adobe.com,Male,453-747-1822,Brazil,30-05-1973
Tobe,Zanassi,tzanassiqz@slate.com,Male,338-310-0060,China,10-08-1959
Hodge,Valek,hvalekr0@marketwatch.com,Male,739-705-7272,Brazil,28-03-1951
Lynde,Broderick,lbroderickr1@wikispaces.com,Female,721-812-4336,Malaysia,20-07-1981
Angelle,Skupinski,askupinskir2@list-manage.com,Bigender,291-241-1396,Indonesia,29-08-1987
Brent,Glaze,bglazer3@skype.com,Male,416-344-0982,Japan,03-05-1991
Ailis,Durnford,adurnfordr4@etsy.com,Female,644-454-3380,Russia,17-10-2000
Goldi,MacKey,gmackeyr5@springer.com,Female,285-383-9759,Russia,23-01-1997
Ettie,Born,ebornr6@house.gov,Agender,322-379-5678,Russia,01-10-2000
Wood,Pittwood,wpittwoodr7@typepad.com,Male,171-976-0754,South Korea,26-11-1993
Regina,Bussens,rbussensr8@ifeng.com,Female,117-254-6414,Pakistan,27-11-1983
Hugibert,Haffner,hhaffnerr9@scientificamerican.com,Male,602-372-6242,Philippines,04-06-1971
Brady,Habbeshaw,bhabbeshawra@163.com,Male,172-510-7350,China,13-12-1953
Koressa,Gainsborough,kgainsboroughrb@harvard.edu,Female,595-437-8984,China,14-08-1969
Devlen,Manach,dmanachrc@digg.com,Male,544-448-4991,Albania,21-10-1992
Annmaria,Rathbone,arathbonerd@yellowbook.com,Female,782-212-6750,Mexico,11-11-1976
Nathalie,Volker,nvolkerre@home.pl,Female,112-363-8586,China,10-07-1972
Brenden,Derrington,bderringtonrf@twitpic.com,Agender,674-679-6097,Vietnam,27-09-1967
Gareth,Cordeiro,gcordeirorg@google.nl,Male,405-531-2716,Poland,17-05-1969
Wilt,Basant,wbasantrh@altervista.org,Male,990-424-9094,Libya,15-06-1998
Esdras,De Mitri,edemitriri@wikimedia.org,Male,101-502-8921,Uganda,21-10-1996
Carmelina,Roj,crojrj@blogs.com,Female,766-169-2166,Philippines,19-11-1998
Eben,Boards,eboardsrk@wp.com,Male,534-367-2294,Brazil,17-01-1967
Cary,Scrivin,cscrivinrl@delicious.com,Female,293-702-8117,Philippines,30-08-2001
Thibaud,Worstall,tworstallrm@geocities.jp,Non-binary,183-103-0329,Bulgaria,13-09-1995
Toiboid,Grimsey,tgrimseyrn@artisteer.com,Male,482-829-6267,Brazil,13-06-1964
Adda,Topham,atophamro@tamu.edu,Female,363-913-8918,China,31-07-1982
Jenilee,Issacof,jissacofrp@newyorker.com,Non-binary,743-953-0929,Indonesia,21-02-1967
Sheryl,McKelvie,smckelvierq@shop-pro.jp,Female,503-523-3396,China,13-09-1983
Lillis,Mellodey,lmellodeyrr@sogou.com,Female,649-313-9082,Brazil,23-07-1986
